Line#,Date,"Water Content (RXW-GP4 21474793:21124505-4), m^3/m^3, Soap","Temperature (RXW-GP4 21474793:21124505-9), *C, Soap","Water Content (RXW-GP4 21474793:21124505-1), m^3/m^3, Soap","Temperature (RXW-GP4 21474793:21124505-10), *C, Soap","Temperature (RXW-GP4 21474793:21124505-5), *C, Soap","Temperature (RXW-GP4 21474793:21124505-11), *C, Soap","Temperature (RXW-GP4 21474793:21124505-6), *C, Soap","Water Content (RXW-GP4 21474793:21124505-2), m^3/m^3, Soap","Water Content (RXW-GP4 21474793:21124505-3), m^3/m^3, Soap","Temperature (RXW-GP4 21474793:21124505-7), *C, Soap","Temperature (RXW-GP4 21474793:21124505-8), *C, Soap"
1,03/03/23 15:50:00,0.405,4.6,0.200,5.0,1.2,5.6,2.2,0.187,0.330,3.2,3.8
2,03/03/23 15:55:00,0.405,4.6,0.200,5.0,1.2,5.6,2.2,0.187,0.330,3.2,3.8
3,03/03/23 16:00:00,0.405,4.6,0.200,5.0,1.2,5.5,2.2,0.187,0.330,3.2,3.8
4,03/03/23 16:05:00,0.405,4.6,0.200,5.0,1.2,5.5,2.2,0.187,0.330,3.2,3.8
5,03/03/23 16:10:00,0.405,4.6,0.200,5.0,1.2,5.5,2.2,0.187,0.330,3.2,3.8
6,03/03/23 16:15:00,0.405,4.6,0.200,5.0,1.3,5.5,2.2,0.187,0.330,3.2,3.8
7,03/03/23 16:20:00,0.405,4.6,0.200,5.0,1.3,5.6,2.2,0.187,0.330,3.2,3.8
8,03/03/23 16:25:00,0.405,4.6,0.200,5.0,1.2,5.6,2.2,0.187,0.330,3.2,3.8
9,03/03/23 16:30:00,0.405,4.6,0.200,5.0,1.2,5.5,2.2,0.187,0.330,3.2,3.8
10,03/03/23 16:35:00,0.405,4.6,0.200,5.0,1.2,5.6,2.2,0.187,0.330,3.2,3.8
11,03/03/23 16:40:00,0.405,4.6,0.200,5.0,1.2,5.6,2.2,0.187,0.330,3.2,3.8
12,03/03/23 16:45:00,0.405,4.6,0.200,5.0,1.2,5.5,2.2,0.187,0.330,3.1,3.8
13,03/03/23 16:50:00,0.405,4.6,0.200,5.0,1.2,5.6,2.2,0.187,0.330,3.2,3.8
14,03/03/23 16:55:00,0.405,4.6,0.200,5.0,1.2,5.5,2.2,0.187,0.330,3.2,3.8
15,03/03/23 17:00:00,0.405,4.6,0.200,5.0,1.3,5.6,2.2,0.187,0.330,3.2,3.8
16,03/03/23 17:05:00,0.405,4.6,0.200,5.0,1.2,5.5,2.2,0.187,0.330,3.2,3.8
17,03/03/23 17:10:00,0.405,4.6,0.200,5.0,1.3,5.6,2.2,0.187,0.330,3.2,3.8
18,03/03/23 17:15:00,0.405,4.6,0.201,5.0,1.3,5.5,2.2,0.187,0.330,3.2,3.8
19,03/03/23 17:20:00,0.405,4.6,0.200,5.0,1.2,5.5,2.2,0.187,0.330,3.2,3.8
20,03/03/23 17:25:00,0.405,4.6,0.201,5.0,1.3,5.5,2.2,0.187,0.330,3.2,3.8
21,03/03/23 17:30:00,0.405,4.6,0.201,5.0,1.2,5.5,2.2,0.187,0.330,3.2,3.8
22,03/03/23 17:35:00,0.405,4.6,0.201,5.0,1.3,5.5,2.2,0.187,0.330,3.2,3.8
23,03/03/23 17:40:00,0.405,4.6,0.201,5.0,1.2,5.6,2.2,0.187,0.330,3.2,3.8
24,03/03/23 17:45:00,0.405,4.6,0.201,5.0,1.2,5.5,2.2,0.187,0.330,3.2,3.8
25,03/03/23 17:50:00,0.405,4.6,0.201,5.0,1.2,5.5,2.2,0.187,0.330,3.2,3.8
26,03/03/23 17:55:00,0.405,4.6,0.201,5.0,1.2,5.5,2.2,0.187,0.330,3.2,3.8
27,03/03/23 18:00:00,0.405,4.6,0.200,5.0,1.3,5.6,2.2,0.187,0.330,3.2,3.8
28,03/03/23 18:05:00,0.405,4.6,0.201,5.0,1.3,5.6,2.2,0.187,0.330,3.2,3.8
29,03/03/23 18:10:00,0.405,4.6,0.201,5.0,1.2,5.5,2.2,0.187,0.330,3.2,3.8
30,03/03/23 18:15:00,0.405,4.6,0.201,5.0,1.3,5.5,2.2,0.187,0.330,3.2,3.8
31,03/03/23 18:20:00,0.405,4.6,0.201,5.0,1.3,5.5,2.2,0.187,0.330,3.2,3.8
32,03/03/23 18:25:00,0.405,4.6,0.201,5.0,1.2,5.5,2.2,0.187,0.330,3.1,3.8
33,03/03/23 18:30:00,0.405,4.6,0.201,5.0,1.2,5.5,2.2,0.187,0.330,3.2,3.8
34,03/03/23 18:35:00,0.405,4.6,0.201,5.0,1.3,5.6,2.2,0.187,0.330,3.2,3.8
35,03/03/23 18:40:00,0.405,4.6,0.201,5.0,1.2,5.5,2.2,0.187,0.330,3.2,3.8
36,03/03/23 18:45:00,0.405,4.6,0.201,5.0,1.3,5.5,2.2,0.187,0.330,3.2,3.8
37,03/03/23 18:50:00,0.405,4.6,0.201,5.0,1.2,5.5,2.2,0.187,0.330,3.2,3.8
38,03/03/23 18:55:00,0.405,4.6,0.201,5.0,1.2,5.5,2.2,0.187,0.330,3.2,3.8
39,03/03/23 19:00:00,0.405,4.6,0.201,5.0,1.3,5.5,2.2,0.187,0.330,3.2,3.8
40,03/03/23 19:05:00,0.405,4.6,0.201,5.0,1.3,5.6,2.2,0.187,0.330,3.2,3.8
41,03/03/23 19:10:00,0.405,4.6,0.201,5.0,1.3,5.6,2.2,0.187,0.330,3.2,3.8
42,03/03/23 19:15:00,0.405,4.6,0.201,5.0,1.2,5.5,2.2,0.187,0.330,3.2,3.8
43,03/03/23 19:20:00,0.405,4.6,0.201,5.0,1.2,5.5,2.2,0.187,0.330,3.1,3.8
44,03/03/23 19:25:00,0.405,4.6,0.201,5.0,1.3,5.6,2.2,0.187,0.330,3.1,3.8
45,03/03/23 19:30:00,0.405,4.6,0.201,5.0,1.3,5.5,2.2,0.187,0.330,3.2,3.8
46,03/03/23 19:35:00,0.405,4.6,0.201,5.0,1.2,5.5,2.2,0.187,0.330,3.2,3.8
47,03/03/23 19:40:00,0.405,4.6,0.201,5.0,1.3,5.6,2.2,0.187,0.330,3.2,3.8
48,03/03/23 19:45:00,0.405,4.6,0.201,5.0,1.3,5.5,2.2,0.187,0.330,3.2,3.8
49,03/03/23 19:50:00,0.405,4.6,0.201,5.0,1.2,5.5,2.2,0.188,0.330,3.2,3.8
50,03/03/23 19:55:00,0.405,4.6,0.201,5.0,1.2,5.5,2.2,0.187,0.330,3.2,3.8
51,03/03/23 20:00:00,0.405,4.6,0.201,5.0,1.2,5.5,2.2,0.187,0.330,3.2,3.8
52,03/03/23 20:05:00,0.405,4.6,0.201,5.0,1.2,5.5,2.2,0.187,0.330,3.2,3.8
53,03/03/23 20:10:00,0.405,4.6,0.201,5.0,1.3,5.5,2.2,0.187,0.330,3.2,3.8
54,03/03/23 20:15:00,0.405,4.6,0.201,5.0,1.3,5.5,2.2,0.187,0.330,3.2,3.8
55,03/03/23 20:20:00,0.405,4.6,0.201,5.0,1.3,5.5,2.2,0.187,0.330,3.2,3.8
56,03/03/23 20:25:00,0.405,4.6,0.201,5.0,1.2,5.5,2.2,0.187,0.330,3.2,3.8
57,03/03/23 20:30:00,0.405,4.6,0.201,5.0,1.2,5.5,2.2,0.187,0.330,3.2,3.8
58,03/03/23 20:35:00,0.405,4.6,0.201,5.0,1.2,5.5,2.2,0.188,0.332,3.2,3.8
59,03/03/23 20:40:00,0.405,4.6,0.201,5.0,1.2,5.5,2.2,0.187,0.330,3.2,3.7
60,03/03/23 20:45:00,0.405,4.6,0.201,5.0,1.2,5.6,2.2,0.188,0.330,3.2,3.8
61,03/03/23 20:50:00,0.405,4.6,0.201,5.0,1.2,5.5,2.2,0.188,0.330,3.2,3.8
62,03/03/23 20:55:00,0.405,4.6,0.201,5.0,1.3,5.5,2.2,0.187,0.330,3.2,3.8
63,03/03/23 21:00:00,0.405,4.6,0.201,5.0,1.3,5.6,2.2,0.187,0.330,3.1,3.8
64,03/03/23 21:05:00,0.405,4.6,0.201,5.0,1.2,5.5,2.2,0.188,0.330,3.1,3.8
65,03/03/23 21:10:00,0.405,4.6,0.201,5.0,1.2,5.5,2.2,0.188,0.330,3.2,3.8
66,03/03/23 21:15:00,0.405,4.6,0.201,5.0,1.3,5.6,2.2,0.188,0.332,3.1,3.8
67,03/03/23 21:20:00,0.405,4.6,0.201,5.0,1.3,5.5,2.2,0.188,0.330,3.2,3.8
68,03/03/23 21:25:00,0.405,4.6,0.201,5.0,1.3,5.5,2.2,0.188,0.330,3.2,3.8
69,03/03/23 21:30:00,0.405,4.6,0.201,5.0,1.2,5.6,2.2,0.188,0.332,3.2,3.8
70,03/03/23 21:35:00,0.405,4.6,0.201,5.0,1.2,5.5,2.2,0.188,0.330,3.2,3.8
71,03/03/23 21:40:00,0.405,4.6,0.201,5.0,1.3,5.5,2.2,0.188,0.330,3.1,3.7
72,03/03/23 21:45:00,0.405,4.6,0.201,5.0,1.3,5.5,2.1,0.188,0.330,3.2,3.8
73,03/03/23 21:50:00,0.405,4.6,0.201,5.0,1.3,5.5,2.2,0.188,0.330,3.2,3.8
74,03/03/23 21:55:00,0.405,4.6,0.201,5.0,1.2,5.5,2.2,0.188,0.330,3.2,3.8
75,03/03/23 22:00:00,0.405,4.6,0.201,5.0,1.2,5.5,2.2,0.188,0.330,3.2,3.8
76,03/03/23 22:05:00,0.405,4.6,0.201,5.0,1.2,5.5,2.2,0.188,0.330,3.2,3.8
77,03/03/23 22:10:00,0.405,4.6,0.201,5.0,1.3,5.5,2.2,0.188,0.330,3.2,3.8
78,03/03/23 22:15:00,0.405,4.6,0.201,5.0,1.2,5.5,2.2,0.188,0.330,3.2,3.8
79,03/03/23 22:20:00,0.405,4.6,0.201,5.0,1.2,5.5,2.2,0.188,0.330,3.2,3.8
80,03/03/23 22:25:00,0.405,4.6,0.201,5.0,1.3,5.5,2.2,0.188,0.330,3.2,3.8
81,03/03/23 22:30:00,0.407,4.6,0.201,5.0,1.2,5.5,2.2,0.188,0.330,3.2,3.8
82,03/03/23 22:35:00,0.407,4.6,0.201,5.0,1.3,5.5,2.2,0.188,0.330,3.2,3.8
83,03/03/23 22:40:00,0.407,4.6,0.201,5.0,1.2,5.5,2.2,0.188,0.330,3.2,3.8
84,03/03/23 22:45:00,0.407,4.6,0.201,5.0,1.2,5.5,2.2,0.188,0.330,3.2,3.8
85,03/03/23 22:50:00,0.407,4.6,0.201,5.0,1.2,5.5,2.2,0.188,0.330,3.2,3.8
86,03/03/23 22:55:00,0.407,4.6,0.201,5.0,1.2,5.5,2.2,0.188,0.330,3.2,3.8
87,03/03/23 23:00:00,0.407,4.6,0.201,5.0,1.2,5.5,2.2,0.188,0.330,3.2,3.8
88,03/03/23 23:05:00,0.407,4.6,0.201,5.0,1.2,5.5,2.2,0.188,0.330,3.2,3.8
89,03/03/23 23:10:00,0.407,4.6,0.201,5.0,1.2,5.5,2.2,0.188,0.330,3.2,3.8
90,03/03/23 23:15:00,0.407,4.6,0.201,5.0,1.2,5.5,2.2,0.188,0.330,3.1,3.8
91,03/03/23 23:20:00,0.407,4.6,0.201,5.0,1.2,5.5,2.2,0.188,0.330,3.1,3.8
92,03/03/23 23:25:00,0.407,4.6,0.201,5.0,1.2,5.5,2.2,0.188,0.330,3.2,3.8
93,03/03/23 23:30:00,0.407,4.6,0.201,5.0,1.2,5.5,2.2,0.188,0.330,3.2,3.8
94,03/03/23 23:35:00,0.407,4.6,0.201,5.0,1.2,5.5,2.2,0.188,0.330,3.2,3.8
95,03/03/23 23:40:00,0.407,4.6,0.201,5.0,1.2,5.5,2.2,0.188,0.330,3.2,3.8
96,03/03/23 23:45:00,0.407,4.6,0.201,5.0,1.2,5.5,2.2,0.188,0.330,3.2,3.8
97,03/03/23 23:50:00,0.407,4.6,0.201,5.0,1.3,5.5,2.2,0.188,0.330,3.1,3.8
98,03/03/23 23:55:00,0.407,4.6,0.201,5.0,1.2,5.5,2.2,0.188,0.330,3.2,3.8
99,03/04/23 00:00:00,0.407,4.6,0.201,5.0,1.2,5.5,2.2,0.188,0.330,3.2,3.8
100,03/04/23 00:05:00,0.407,4.6,0.201,5.0,1.3,5.5,2.2,0.188,0.330,3.2,3.8
101,03/04/23 00:10:00,0.407,4.6,0.201,5.0,1.2,5.5,2.2,0.188,0.330,3.2,3.8
102,03/04/23 00:15:00,0.407,4.6,0.201,5.0,1.3,5.5,2.2,0.188,0.332,3.2,3.8
103,03/04/23 00:20:00,0.407,4.6,0.201,5.0,1.2,5.5,2.2,0.188,0.330,3.2,3.8
104,03/04/23 00:25:00,0.407,4.6,0.201,5.0,1.2,5.5,2.2,0.188,0.332,3.2,3.8
105,03/04/23 00:30:00,0.407,4.6,0.201,5.0,1.2,5.5,2.1,0.188,0.330,3.2,3.8
106,03/04/23 00:35:00,0.407,4.6,0.201,5.0,1.3,5.5,2.2,0.188,0.330,3.2,3.7
107,03/04/23 00:40:00,0.407,4.6,0.201,5.0,1.2,5.6,2.2,0.188,0.330,3.2,3.8
108,03/04/23 00:45:00,0.407,4.6,0.201,5.0,1.3,5.5,2.2,0.188,0.330,3.2,3.8
109,03/04/23 00:50:00,0.407,4.6,0.201,5.0,1.3,5.5,2.2,0.188,0.330,3.1,3.8
110,03/04/23 00:55:00,0.407,4.6,0.201,5.0,1.2,5.5,2.2,0.188,0.330,3.1,3.8
111,03/04/23 01:00:00,0.407,4.6,0.201,5.0,1.2,5.5,2.2,0.188,0.330,3.2,3.8
112,03/04/23 01:05:00,0.407,4.6,0.201,5.0,1.2,5.5,2.1,0.188,0.330,3.2,3.8
113,03/04/23 01:10:00,0.407,4.6,0.201,5.0,1.2,5.5,2.2,0.188,0.330,3.2,3.8
114,03/04/23 01:15:00,0.407,4.6,0.201,5.0,1.3,5.5,2.2,0.188,0.330,3.2,3.8
115,03/04/23 01:20:00,0.407,4.6,0.201,5.0,1.3,5.5,2.2,0.188,0.330,3.2,3.8
116,03/04/23 01:25:00,0.407,4.6,0.201,5.0,1.2,5.5,2.2,0.188,0.330,3.2,3.8
117,03/04/23 01:30:00,0.407,4.6,0.201,5.0,1.2,5.5,2.2,0.188,0.330,3.2,3.8
118,03/04/23 01:35:00,0.407,4.6,0.201,5.0,1.2,5.5,2.2,0.188,0.330,3.2,3.8
119,03/04/23 01:40:00,0.407,4.6,0.201,5.0,1.3,5.5,2.2,0.188,0.330,3.2,3.8
120,03/04/23 01:45:00,0.407,4.6,0.201,5.0,1.2,5.5,2.2,0.188,0.330,3.2,3.8
121,03/04/23 01:50:00,0.407,4.6,0.201,5.0,1.2,5.5,2.2,0.188,0.330,3.2,3.8
122,03/04/23 01:55:00,0.407,4.6,0.201,5.0,1.2,5.5,2.2,0.188,0.330,3.1,3.8
123,03/04/23 02:00:00,0.407,4.6,0.201,5.0,1.2,5.5,2.2,0.188,0.330,3.2,3.8
124,03/04/23 02:05:00,0.407,4.6,0.201,5.0,1.2,5.5,2.2,0.188,0.330,3.2,3.8
125,03/04/23 02:10:00,0.407,4.6,0.201,5.0,1.2,5.5,2.2,0.188,0.330,3.2,3.8
126,03/04/23 02:15:00,0.407,4.6,0.201,5.0,1.3,5.5,2.2,0.188,0.330,3.2,3.8
127,03/04/23 02:20:00,0.407,4.6,0.201,5.0,1.2,5.5,2.2,0.188,0.330,3.2,3.8
128,03/04/23 02:25:00,0.407,4.6,0.201,5.0,1.2,5.5,2.2,0.188,0.330,3.1,3.8
129,03/04/23 02:30:00,0.407,4.6,0.201,5.0,1.2,5.5,2.2,0.188,0.330,3.2,3.7
130,03/04/23 02:35:00,0.407,4.6,0.201,5.0,1.3,5.5,2.1,0.188,0.330,3.2,3.8
131,03/04/23 02:40:00,0.407,4.6,0.201,5.0,1.2,5.5,2.2,0.188,0.332,3.2,3.7
132,03/04/23 02:45:00,0.407,4.6,0.201,5.0,1.2,5.5,2.2,0.188,0.330,3.2,3.8
133,03/04/23 02:50:00,0.407,4.6,0.201,5.0,1.2,5.5,2.2,0.188,0.330,3.2,3.8
134,03/04/23 02:55:00,0.407,4.6,0.201,5.0,1.2,5.5,2.2,0.188,0.330,3.2,3.8
135,03/04/23 03:00:00,0.407,4.6,0.201,5.0,1.3,5.5,2.2,0.188,0.330,3.1,3.8
136,03/04/23 03:05:00,0.407,4.6,0.201,5.0,1.2,5.5,2.2,0.188,0.330,3.2,3.7
137,03/04/23 03:10:00,0.407,4.6,0.201,5.0,1.2,5.5,2.2,0.188,0.330,3.2,3.8
138,03/04/23 03:15:00,0.407,4.6,0.201,5.0,1.2,5.5,2.2,0.188,0.330,3.2,3.8
139,03/04/23 03:20:00,0.407,4.6,0.201,5.0,1.2,5.5,2.2,0.188,0.330,3.2,3.8
140,03/04/23 03:25:00,0.407,4.6,0.201,5.0,1.2,5.5,2.2,0.188,0.330,3.2,3.8
141,03/04/23 03:30:00,0.407,4.6,0.201,5.0,1.2,5.5,2.2,0.188,0.330,3.2,3.8
142,03/04/23 03:35:00,0.407,4.6,0.201,4.8,1.3,5.5,2.2,0.188,0.330,3.1,3.8
143,03/04/23 03:40:00,0.407,4.6,0.201,5.0,1.2,5.5,2.2,0.188,0.330,3.2,3.8
144,03/04/23 03:45:00,0.407,4.6,0.201,5.0,1.3,5.5,2.2,0.188,0.330,3.2,3.8
145,03/04/23 03:50:00,0.407,4.6,0.201,5.0,1.3,5.5,2.2,0.188,0.332,3.2,3.8
146,03/04/23 03:55:00,0.407,4.6,0.201,5.0,1.2,5.5,2.2,0.188,0.330,3.2,3.8
147,03/04/23 04:00:00,0.407,4.6,0.201,4.8,1.2,5.5,2.2,0.188,0.330,3.2,3.8
148,03/04/23 04:05:00,0.407,4.6,0.201,5.0,1.2,5.5,2.2,0.188,0.330,3.2,3.8
149,03/04/23 04:10:00,0.407,4.6,0.201,5.0,1.2,5.5,2.2,0.188,0.330,3.2,3.8
150,03/04/23 04:15:00,0.407,4.6,0.201,5.0,1.3,5.5,2.2,0.188,0.330,3.2,3.8
151,03/04/23 04:20:00,0.407,4.6,0.201,5.0,1.2,5.5,2.2,0.188,0.332,3.2,3.8
152,03/04/23 04:25:00,0.407,4.6,0.201,5.0,1.2,5.5,2.2,0.188,0.330,3.2,3.8
153,03/04/23 04:30:00,0.407,4.6,0.201,5.0,1.2,5.5,2.2,0.188,0.330,3.2,3.8
154,03/04/23 04:35:00,0.407,4.6,0.201,5.0,1.2,5.5,2.2,0.188,0.330,3.1,3.8
155,03/04/23 04:40:00,0.407,4.6,0.201,5.0,1.2,5.5,2.2,0.188,0.330,3.2,3.8
156,03/04/23 04:45:00,0.407,4.6,0.201,5.0,1.3,5.5,2.2,0.188,0.330,3.1,3.8
157,03/04/23 04:50:00,0.407,4.6,0.201,5.0,1.2,5.5,2.2,0.188,0.330,3.2,3.7
158,03/04/23 04:55:00,0.407,4.6,0.201,5.0,1.3,5.5,2.2,0.188,0.330,3.2,3.8
159,03/04/23 05:00:00,0.407,4.6,0.201,5.0,1.2,5.5,2.2,0.188,0.330,3.1,3.7
160,03/04/23 05:05:00,0.407,4.6,0.201,5.0,1.2,5.5,2.2,0.188,0.330,3.2,3.8
161,03/04/23 05:10:00,0.407,4.6,0.201,5.0,1.2,5.5,2.2,0.188,0.330,3.2,3.7
162,03/04/23 05:15:00,0.407,4.6,0.201,5.0,1.2,5.5,2.2,0.188,0.330,3.2,3.8
163,03/04/23 05:20:00,0.407,4.6,0.201,5.0,1.3,5.5,2.2,0.188,0.330,3.2,3.8
164,03/04/23 05:25:00,0.407,4.6,0.201,5.0,1.2,5.5,2.2,0.188,0.330,3.2,3.8
165,03/04/23 05:30:00,0.407,4.6,0.201,4.8,1.2,5.5,2.2,0.188,0.330,3.2,3.8
166,03/04/23 05:35:00,0.407,4.6,0.201,5.0,1.2,5.5,2.2,0.188,0.330,3.2,3.7
167,03/04/23 05:40:00,0.407,4.6,0.201,4.8,1.2,5.5,2.2,0.188,0.330,3.1,3.7
168,03/04/23 05:45:00,0.407,4.6,0.201,5.0,1.2,5.5,2.2,0.188,0.332,3.2,3.8
169,03/04/23 05:50:00,0.407,4.6,0.201,5.0,1.3,5.5,2.2,0.188,0.330,3.2,3.8
170,03/04/23 05:55:00,0.407,4.6,0.201,5.0,1.2,5.5,2.2,0.188,0.332,3.2,3.8
171,03/04/23 06:00:00,0.407,4.6,0.201,5.0,1.2,5.5,2.2,0.188,0.330,3.1,3.8
172,03/04/23 06:05:00,0.407,4.6,0.201,5.0,1.2,5.5,2.2,0.188,0.330,3.2,3.8
173,03/04/23 06:10:00,0.407,4.6,0.201,4.8,1.2,5.5,2.2,0.188,0.330,3.2,3.7
174,03/04/23 06:15:00,0.407,4.6,0.201,5.0,1.3,5.5,2.1,0.188,0.332,3.2,3.8
175,03/04/23 06:20:00,0.407,4.6,0.201,5.0,1.2,5.5,2.2,0.188,0.330,3.1,3.8
176,03/04/23 06:25:00,0.407,4.6,0.201,5.0,1.2,5.5,2.2,0.188,0.332,3.1,3.7
177,03/04/23 06:30:00,0.407,4.6,0.201,5.0,1.2,5.5,2.2,0.188,0.330,3.2,3.8
178,03/04/23 06:35:00,0.407,4.6,0.201,5.0,1.2,5.5,2.2,0.188,0.330,3.2,3.7
179,03/04/23 06:40:00,0.407,4.6,0.201,4.8,1.2,5.5,2.2,0.188,0.330,3.1,3.8
180,03/04/23 06:45:00,0.407,4.6,0.201,5.0,1.2,5.5,2.2,0.188,0.332,3.2,3.8
181,03/04/23 06:50:00,0.407,4.6,0.201,5.0,1.2,5.5,2.2,0.188,0.330,3.2,3.8
182,03/04/23 06:55:00,0.407,4.6,0.201,4.8,1.2,5.5,2.2,0.188,0.330,3.2,3.7
183,03/04/23 07:00:00,0.407,4.6,0.201,5.0,1.2,5.5,2.2,0.188,0.330,3.1,3.7
184,03/04/23 07:05:00,0.407,4.6,0.201,5.0,1.2,5.5,2.2,0.188,0.332,3.1,3.8
185,03/04/23 07:10:00,0.407,4.6,0.201,5.0,1.2,5.5,2.2,0.188,0.330,3.2,3.8
186,03/04/23 07:15:00,0.407,4.6,0.201,4.8,1.2,5.5,2.2,0.188,0.330,3.2,3.8
187,03/04/23 07:20:00,0.407,4.6,0.201,5.0,1.3,5.5,2.1,0.188,0.330,3.2,3.8
188,03/04/23 07:25:00,0.407,4.6,0.201,5.0,1.2,5.5,2.2,0.188,0.332,3.2,3.8
189,03/04/23 07:30:00,0.407,4.6,0.201,5.0,1.2,5.5,2.2,0.188,0.330,3.1,3.8
190,03/04/23 07:35:00,0.407,4.6,0.201,5.0,1.3,5.5,2.1,0.188,0.332,3.1,3.7
191,03/04/23 07:40:00,0.407,4.6,0.201,4.8,1.2,5.5,2.2,0.188,0.330,3.2,3.8
192,03/04/23 07:45:00,0.407,4.6,0.201,5.0,1.2,5.5,2.2,0.188,0.332,3.1,3.7
193,03/04/23 07:50:00,0.407,4.6,0.201,5.0,1.2,5.5,2.2,0.188,0.330,3.1,3.8
194,03/04/23 07:55:00,0.407,4.6,0.201,4.8,1.2,5.5,2.2,0.188,0.330,3.2,3.8
195,03/04/23 08:00:00,0.407,4.6,0.201,5.0,1.2,5.5,2.2,0.188,0.330,3.2,3.7
196,03/04/23 08:05:00,0.407,4.6,0.201,5.0,1.2,5.5,2.2,0.188,0.330,3.2,3.8
197,03/04/23 08:10:00,0.407,4.6,0.201,5.0,1.2,5.5,2.2,0.188,0.330,3.2,3.8
198,03/04/23 08:15:00,0.407,4.6,0.201,5.0,1.2,5.5,2.2,0.188,0.332,3.2,3.7
199,03/04/23 08:20:00,0.407,4.6,0.201,5.0,1.2,5.5,2.2,0.188,0.330,3.2,3.7
200,03/04/23 08:25:00,0.407,4.6,0.201,5.0,1.2,5.5,2.2,0.188,0.332,3.2,3.7
201,03/04/23 08:30:00,0.407,4.6,0.201,5.0,1.2,5.5,2.2,0.188,0.330,3.1,3.8
202,03/04/23 08:35:00,0.407,4.6,0.201,5.0,1.2,5.5,2.2,0.188,0.330,3.2,3.8
203,03/04/23 08:40:00,0.407,4.6,0.201,5.0,1.2,5.5,2.2,0.188,0.330,3.1,3.8
204,03/04/23 08:45:00,0.407,4.6,0.201,5.0,1.2,5.5,2.2,0.188,0.332,3.2,3.8
205,03/04/23 08:50:00,0.407,4.6,0.201,5.0,1.2,5.5,2.2,0.188,0.332,3.1,3.8
206,03/04/23 08:55:00,0.407,4.6,0.201,4.8,1.2,5.5,2.2,0.188,0.332,3.1,3.7
207,03/04/23 09:00:00,0.407,4.6,0.201,4.8,1.2,5.5,2.2,0.188,0.332,3.2,3.8
208,03/04/23 09:05:00,0.407,4.6,0.201,5.0,1.3,5.5,2.2,0.188,0.332,3.1,3.7
209,03/04/23 09:10:00,0.407,4.6,0.201,5.0,1.2,5.5,2.2,0.188,0.332,3.2,3.8
210,03/04/23 09:15:00,0.407,4.6,0.201,4.8,1.2,5.5,2.2,0.188,0.332,3.2,3.7
211,03/04/23 09:20:00,0.407,4.6,0.201,5.0,1.3,5.5,2.2,0.188,0.330,3.2,3.7
212,03/04/23 09:25:00,0.407,4.6,0.201,5.0,1.2,5.5,2.2,0.188,0.330,3.2,3.7
213,03/04/23 09:30:00,0.407,4.6,0.201,4.8,1.2,5.5,2.2,0.188,0.332,3.2,3.7
214,03/04/23 09:35:00,0.407,4.6,0.201,5.0,1.3,5.5,2.2,0.188,0.332,3.1,3.8
215,03/04/23 09:40:00,0.407,4.6,0.201,5.0,1.2,5.5,2.2,0.188,0.332,3.2,3.7
216,03/04/23 09:45:00,0.407,4.6,0.201,5.0,1.2,5.5,2.2,0.188,0.332,3.1,3.7
217,03/04/23 09:50:00,0.407,4.6,0.201,5.0,1.3,5.5,2.2,0.188,0.332,3.2,3.8
218,03/04/23 09:55:00,0.407,4.6,0.201,5.0,1.2,5.5,2.2,0.188,0.332,3.1,3.7
219,03/04/23 10:00:00,0.407,4.6,0.201,5.0,1.2,5.5,2.2,0.188,0.332,3.1,3.8
220,03/04/23 10:05:00,0.407,4.6,0.201,4.8,1.2,5.5,2.2,0.188,0.332,3.2,3.8
221,03/04/23 10:10:00,0.407,4.6,0.201,4.8,1.2,5.5,2.2,0.188,0.332,3.2,3.8
222,03/04/23 10:15:00,0.407,4.6,0.201,5.0,1.3,5.5,2.2,0.188,0.332,3.1,3.7
223,03/04/23 10:20:00,0.407,4.6,0.201,4.8,1.3,5.5,2.2,0.188,0.332,3.2,3.8
224,03/04/23 10:25:00,0.407,4.5,0.201,5.0,1.2,5.5,2.2,0.188,0.332,3.1,3.7
225,03/04/23 10:30:00,0.407,4.6,0.201,5.0,1.2,5.5,2.2,0.188,0.332,3.1,3.7
226,03/04/23 10:35:00,0.407,4.5,0.201,5.0,1.2,5.5,2.2,0.188,0.332,3.2,3.8
227,03/04/23 10:40:00,0.407,4.6,0.201,5.0,1.2,5.5,2.2,0.188,0.332,3.1,3.8
228,03/04/23 10:45:00,0.407,4.6,0.201,5.0,1.2,5.5,2.2,0.188,0.332,3.1,3.7
229,03/04/23 10:50:00,0.407,4.6,0.201,5.0,1.2,5.5,2.2,0.188,0.332,3.1,3.8
230,03/04/23 10:55:00,0.407,4.6,0.201,4.8,1.2,5.5,2.2,0.188,0.332,3.1,3.8
231,03/04/23 11:00:00,0.407,4.6,0.201,5.0,1.2,5.5,2.2,0.188,0.330,3.1,3.7
232,03/04/23 11:05:00,0.407,4.6,0.201,5.0,1.2,5.5,2.2,0.188,0.332,3.2,3.7
233,03/04/23 11:10:00,0.407,4.6,0.201,5.0,1.3,5.5,2.1,0.188,0.332,3.1,3.7
234,03/04/23 11:15:00,0.407,4.6,0.201,5.0,1.2,5.5,2.2,0.188,0.330,3.2,3.7
235,03/04/23 11:20:00,0.407,4.6,0.201,5.0,1.2,5.5,2.2,0.188,0.332,3.1,3.7
236,03/04/23 11:25:00,0.407,4.6,0.202,4.8,1.2,5.5,2.2,0.188,0.332,3.1,3.7
237,03/04/23 11:30:00,0.407,4.6,0.202,4.8,1.2,5.5,2.2,0.188,0.332,3.1,3.7
238,03/04/23 11:35:00,0.407,4.6,0.202,5.0,1.2,5.5,2.2,0.188,0.330,3.1,3.7
239,03/04/23 11:40:00,0.407,4.6,0.202,5.0,1.2,5.5,2.2,0.188,0.332,3.1,3.7
240,03/04/23 11:45:00,0.407,4.6,0.202,4.8,1.2,5.5,2.2,0.188,0.332,3.1,3.7
241,03/04/23 11:50:00,0.407,4.6,0.202,5.0,1.3,5.5,2.2,0.188,0.332,3.2,3.7
242,03/04/23 11:55:00,0.407,4.6,0.202,4.8,1.2,5.5,2.2,0.188,0.332,3.1,3.8
243,03/04/23 12:00:00,0.407,4.6,0.202,5.0,1.2,5.5,2.2,0.188,0.332,3.1,3.8
244,03/04/23 12:05:00,0.407,4.6,0.201,4.8,1.2,5.5,2.2,0.188,0.332,3.2,3.7
245,03/04/23 12:10:00,0.407,4.6,0.201,4.8,1.2,5.5,2.2,0.188,0.332,3.1,3.7
246,03/04/23 12:15:00,0.407,4.6,0.201,4.8,1.2,5.5,2.2,0.188,0.332,3.1,3.7
247,03/04/23 12:20:00,0.407,4.6,0.201,4.8,1.2,5.5,2.2,0.188,0.332,3.2,3.7
248,03/04/23 12:25:00,0.407,4.6,0.201,4.8,1.2,5.5,2.2,0.188,0.332,3.1,3.7
249,03/04/23 12:30:00,0.407,4.6,0.201,5.0,1.2,5.5,2.2,0.188,0.332,3.2,3.7
250,03/04/23 12:35:00,0.407,4.6,0.201,4.8,1.2,5.5,2.2,0.188,0.332,3.2,3.8
251,03/04/23 12:40:00,0.407,4.6,0.201,5.0,1.3,5.5,2.2,0.188,0.332,3.1,3.8
252,03/04/23 12:45:00,0.407,4.5,0.201,4.8,1.3,5.5,2.2,0.188,0.332,3.1,3.8
253,03/04/23 12:50:00,0.407,4.6,0.201,5.0,1.2,5.5,2.2,0.188,0.332,3.1,3.8
254,03/04/23 12:55:00,0.407,4.6,0.201,5.0,1.2,5.5,2.2,0.188,0.332,3.1,3.7
255,03/04/23 13:00:00,0.407,4.6,0.201,4.8,1.2,5.5,2.1,0.188,0.332,3.1,3.8
256,03/04/23 13:05:00,0.407,4.6,0.201,5.0,1.2,5.5,2.2,0.188,0.332,3.1,3.8
257,03/04/23 13:10:00,0.407,4.6,0.201,4.8,1.3,5.5,2.2,0.188,0.332,3.1,3.7
258,03/04/23 13:15:00,0.407,4.6,0.201,5.0,1.2,5.5,2.2,0.188,0.332,3.1,3.8
259,03/04/23 13:20:00,0.407,4.6,0.201,5.0,1.3,5.5,2.2,0.188,0.332,3.2,3.7
260,03/04/23 13:25:00,0.407,4.6,0.201,4.8,1.2,5.5,2.2,0.188,0.332,3.1,3.7
261,03/04/23 13:30:00,0.407,4.6,0.201,4.8,1.2,5.5,2.2,0.188,0.332,3.2,3.7
262,03/04/23 13:35:00,0.407,4.6,0.201,4.8,1.2,5.5,2.2,0.188,0.332,3.1,3.7
263,03/04/23 13:40:00,0.407,4.6,0.201,5.0,1.2,5.5,2.2,0.188,0.332,3.1,3.7
264,03/04/23 13:45:00,0.407,4.5,0.201,4.8,1.2,5.5,2.2,0.188,0.332,3.1,3.7
265,03/04/23 13:50:00,0.407,4.5,0.201,5.0,1.2,5.5,2.2,0.188,0.332,3.1,3.7
266,03/04/23 13:55:00,0.407,4.5,0.201,4.8,1.3,5.5,2.1,0.188,0.332,3.2,3.7
267,03/04/23 14:00:00,0.407,4.6,0.201,5.0,1.2,5.5,2.2,0.188,0.332,3.1,3.7
268,03/04/23 14:05:00,0.407,4.6,0.201,5.0,1.3,5.5,2.2,0.188,0.332,3.1,3.7
269,03/04/23 14:10:00,0.407,4.6,0.201,4.8,1.2,5.5,2.2,0.188,0.332,3.2,3.7
270,03/04/23 14:15:00,0.407,4.6,0.201,5.0,1.2,5.5,2.2,0.188,0.332,3.1,3.8
271,03/04/23 14:20:00,0.407,4.6,0.201,4.8,1.2,5.5,2.2,0.188,0.332,3.2,3.7
272,03/04/23 14:25:00,0.407,4.6,0.201,4.8,1.2,5.5,2.2,0.188,0.332,3.1,3.7
273,03/04/23 14:30:00,0.407,4.6,0.201,4.8,1.2,5.5,2.2,0.188,0.332,3.1,3.7
274,03/04/23 14:35:00,0.407,4.6,0.201,4.8,1.2,5.5,2.2,0.188,0.332,3.2,3.8
275,03/04/23 14:40:00,0.407,4.5,0.201,4.8,1.3,5.5,2.2,0.188,0.332,3.2,3.7
276,03/04/23 14:45:00,0.407,4.6,0.201,5.0,1.2,5.5,2.2,0.188,0.332,3.1,3.8
277,03/04/23 14:50:00,0.407,4.6,0.201,4.8,1.3,5.5,2.2,0.188,0.332,3.2,3.7
278,03/04/23 14:55:00,0.407,4.6,0.201,4.8,1.2,5.5,2.2,0.188,0.332,3.1,3.7
279,03/04/23 15:00:00,0.407,4.6,0.201,4.8,1.2,5.5,2.2,0.188,0.332,3.1,3.7
280,03/04/23 15:05:00,0.407,4.6,0.201,5.0,1.2,5.5,2.2,0.188,0.332,3.1,3.8
281,03/04/23 15:10:00,0.407,4.6,0.201,4.8,1.2,5.5,2.2,0.188,0.332,3.2,3.8
282,03/04/23 15:15:00,0.407,4.6,0.201,4.8,1.2,5.5,2.2,0.188,0.332,3.1,3.7
283,03/04/23 15:20:00,0.407,4.5,0.201,4.8,1.2,5.5,2.2,0.188,0.332,3.1,3.7
284,03/04/23 15:25:00,0.407,4.6,0.201,4.8,1.2,5.5,2.2,0.188,0.332,3.1,3.8
285,03/04/23 15:30:00,0.407,4.6,0.201,5.0,1.2,5.5,2.2,0.188,0.332,3.1,3.8
286,03/04/23 15:35:00,0.407,4.6,0.201,4.8,1.2,5.5,2.2,0.188,0.332,3.1,3.7
287,03/04/23 15:40:00,0.407,4.6,0.201,4.8,1.2,5.5,2.2,0.188,0.332,3.1,3.7
288,03/04/23 15:45:00,0.407,4.6,0.201,4.8,1.2,5.5,2.2,0.188,0.332,3.1,3.7
289,03/04/23 15:50:00,0.407,4.5,0.201,4.8,1.2,5.5,2.1,0.188,0.332,3.2,3.7
290,03/04/23 15:55:00,0.407,4.5,0.201,4.8,1.2,5.5,2.2,0.188,0.332,3.1,3.7
291,03/04/23 16:00:00,0.407,4.6,0.201,5.0,1.2,5.5,2.2,0.188,0.332,3.1,3.7
292,03/04/23 16:05:00,0.407,4.6,0.201,4.8,1.2,5.5,2.2,0.188,0.332,3.1,3.7
293,03/04/23 16:10:00,0.407,4.6,0.201,5.0,1.3,5.5,2.2,0.188,0.332,3.1,3.8
294,03/04/23 16:15:00,0.407,4.5,0.201,4.8,1.2,5.5,2.1,0.188,0.332,3.1,3.7
295,03/04/23 16:20:00,0.407,4.6,0.201,4.8,1.2,5.5,2.1,0.188,0.332,3.1,3.7
296,03/04/23 16:25:00,0.407,4.6,0.201,4.8,1.2,5.5,2.2,0.188,0.332,3.1,3.8
297,03/04/23 16:30:00,0.407,4.6,0.202,4.8,1.3,5.5,2.2,0.188,0.332,3.1,3.8
298,03/04/23 16:35:00,0.407,4.5,0.201,4.8,1.2,5.5,2.2,0.188,0.332,3.2,3.7
299,03/04/23 16:40:00,0.407,4.6,0.201,4.8,1.2,5.5,2.2,0.188,0.332,3.1,3.7
300,03/04/23 16:45:00,0.407,4.6,0.201,4.8,1.2,5.5,2.2,0.188,0.332,3.1,3.7
301,03/04/23 16:50:00,0.407,4.6,0.201,4.8,1.3,5.5,2.2,0.188,0.332,3.1,3.7
302,03/04/23 16:55:00,0.407,4.6,0.201,4.8,1.2,5.5,2.2,0.188,0.332,3.2,3.7
303,03/04/23 17:00:00,0.407,4.6,0.201,5.0,1.2,5.5,2.2,0.188,0.332,3.1,3.8
304,03/04/23 17:05:00,0.407,4.6,0.201,4.8,1.3,5.5,2.2,0.188,0.332,3.2,3.8
305,03/04/23 17:10:00,0.407,4.6,0.201,4.8,1.2,5.5,2.2,0.188,0.332,3.1,3.7
306,03/04/23 17:15:00,0.407,4.5,0.202,4.8,1.2,5.5,2.2,0.188,0.332,3.1,3.7
307,03/04/23 17:20:00,0.407,4.5,0.201,4.8,1.2,5.5,2.2,0.188,0.332,3.1,3.7
308,03/04/23 17:25:00,0.407,4.6,0.201,4.8,1.3,5.5,2.2,0.189,0.332,3.1,3.7
309,03/04/23 17:30:00,0.407,4.6,0.201,4.8,1.3,5.5,2.2,0.188,0.332,3.1,3.8
310,03/04/23 17:35:00,0.407,4.5,0.202,4.8,1.2,5.5,2.2,0.188,0.332,3.1,3.7
311,03/04/23 17:40:00,0.407,4.6,0.201,4.8,1.3,5.5,2.2,0.188,0.332,3.1,3.7
312,03/04/23 17:45:00,0.407,4.6,0.201,4.8,1.3,5.5,2.2,0.188,0.332,3.1,3.8
313,03/04/23 17:50:00,0.407,4.6,0.202,4.8,1.2,5.5,2.2,0.189,0.332,3.1,3.7
314,03/04/23 17:55:00,0.407,4.6,0.202,4.8,1.2,5.5,2.2,0.189,0.332,3.1,3.7
315,03/04/23 18:00:00,0.407,4.6,0.201,4.8,1.2,5.5,2.1,0.189,0.332,3.1,3.7
316,03/04/23 18:05:00,0.407,4.6,0.201,5.0,1.2,5.5,2.1,0.189,0.332,3.1,3.7
317,03/04/23 18:10:00,0.407,4.6,0.202,5.0,1.2,5.5,2.2,0.189,0.332,3.2,3.7
318,03/04/23 18:15:00,0.407,4.6,0.202,4.8,1.2,5.5,2.2,0.189,0.332,3.2,3.7
319,03/04/23 18:20:00,0.407,4.6,0.202,4.8,1.2,5.5,2.1,0.189,0.332,3.1,3.8
320,03/04/23 18:25:00,0.407,4.5,0.202,4.8,1.2,5.5,2.2,0.189,0.332,3.1,3.7
321,03/04/23 18:30:00,0.407,4.6,0.202,4.8,1.2,5.5,2.2,0.188,0.332,3.1,3.7
322,03/04/23 18:35:00,0.407,4.5,0.202,4.8,1.3,5.5,2.2,0.189,0.332,3.1,3.8
323,03/04/23 18:40:00,0.407,4.6,0.202,4.8,1.2,5.5,2.2,0.189,0.332,3.1,3.7
324,03/04/23 18:45:00,0.407,4.6,0.202,4.8,1.2,5.5,2.2,0.189,0.332,3.1,3.7
325,03/04/23 18:50:00,0.407,4.5,0.202,5.0,1.2,5.5,2.2,0.189,0.332,3.1,3.7
326,03/04/23 18:55:00,0.407,4.6,0.202,4.8,1.3,5.5,2.2,0.189,0.332,3.1,3.7
327,03/04/23 19:00:00,0.407,4.6,0.202,4.8,1.2,5.5,2.2,0.189,0.332,3.1,3.7
328,03/04/23 19:05:00,0.407,4.6,0.202,4.8,1.2,5.5,2.2,0.189,0.332,3.1,3.8
329,03/04/23 19:10:00,0.407,4.6,0.202,4.8,1.2,5.5,2.2,0.189,0.332,3.1,3.8
330,03/04/23 19:15:00,0.407,4.6,0.202,5.0,1.2,5.5,2.2,0.189,0.332,3.2,3.7
331,03/04/23 19:20:00,0.407,4.6,0.202,4.8,1.2,5.5,2.1,0.189,0.332,3.1,3.7
332,03/04/23 19:25:00,0.407,4.6,0.202,5.0,1.2,5.5,2.2,0.189,0.332,3.1,3.7
333,03/04/23 19:30:00,0.407,4.6,0.202,4.8,1.2,5.5,2.1,0.189,0.332,3.1,3.7
334,03/04/23 19:35:00,0.407,4.6,0.202,4.8,1.2,5.5,2.2,0.189,0.332,3.1,3.7
335,03/04/23 19:40:00,0.407,4.5,0.202,4.8,1.2,5.5,2.1,0.189,0.332,3.1,3.7
336,03/04/23 19:45:00,0.407,4.6,0.202,4.8,1.2,5.5,2.2,0.189,0.332,3.1,3.7
337,03/04/23 19:50:00,0.407,4.5,0.202,5.0,1.2,5.5,2.1,0.189,0.332,3.1,3.7
338,03/04/23 19:55:00,0.407,4.5,0.202,4.8,1.3,5.5,2.1,0.189,0.332,3.1,3.7
339,03/04/23 20:00:00,0.407,4.5,0.202,4.8,1.2,5.5,2.2,0.189,0.332,3.1,3.8
340,03/04/23 20:05:00,0.407,4.5,0.202,4.8,1.2,5.5,2.2,0.189,0.332,3.1,3.7
341,03/04/23 20:10:00,0.407,4.6,0.202,5.0,1.2,5.5,2.1,0.189,0.332,3.1,3.8
342,03/04/23 20:15:00,0.407,4.6,0.202,4.8,1.2,5.5,2.2,0.189,0.332,3.1,3.7
343,03/04/23 20:20:00,0.407,4.6,0.202,4.8,1.2,5.5,2.2,0.189,0.332,3.1,3.8
344,03/04/23 20:25:00,0.407,4.6,0.202,4.8,1.2,5.5,2.2,0.189,0.332,3.1,3.7
345,03/04/23 20:30:00,0.407,4.5,0.202,4.8,1.2,5.5,2.1,0.189,0.332,3.1,3.8
346,03/04/23 20:35:00,0.407,4.5,0.202,4.8,1.2,5.5,2.2,0.189,0.332,3.1,3.7
347,03/04/23 20:40:00,0.407,4.6,0.202,5.0,1.2,5.5,2.2,0.189,0.332,3.1,3.7
348,03/04/23 20:45:00,0.407,4.5,0.202,4.8,1.2,5.5,2.2,0.189,0.332,3.1,3.7
349,03/04/23 20:50:00,0.407,4.5,0.202,4.8,1.2,5.5,2.1,0.189,0.332,3.1,3.7
350,03/04/23 20:55:00,0.407,4.6,0.202,4.8,1.2,5.5,2.1,0.189,0.332,3.1,3.7
351,03/04/23 21:00:00,0.407,4.5,0.202,4.8,1.3,5.5,2.2,0.189,0.332,3.1,3.8
352,03/04/23 21:05:00,0.407,4.5,0.202,4.8,1.2,5.5,2.1,0.189,0.332,3.1,3.8
353,03/04/23 21:10:00,0.407,4.5,0.202,4.8,1.2,5.5,2.1,0.189,0.332,3.2,3.7
354,03/04/23 21:15:00,0.407,4.5,0.202,4.8,1.3,5.5,2.2,0.189,0.332,3.1,3.7
355,03/04/23 21:20:00,0.407,4.5,0.202,4.8,1.2,5.5,2.2,0.189,0.332,3.2,3.7
356,03/04/23 21:25:00,0.407,4.5,0.202,4.8,1.2,5.5,2.2,0.189,0.332,3.1,3.7
357,03/04/23 21:30:00,0.407,4.5,0.202,4.8,1.2,5.5,2.2,0.189,0.332,3.1,3.8
358,03/04/23 21:35:00,0.407,4.6,0.202,4.8,1.2,5.5,2.2,0.189,0.332,3.1,3.7
359,03/04/23 21:40:00,0.407,4.6,0.202,4.8,1.2,5.5,2.1,0.189,0.332,3.1,3.7
360,03/04/23 21:45:00,0.407,4.6,0.202,4.8,1.2,5.5,2.1,0.189,0.332,3.1,3.7
361,03/04/23 21:50:00,0.407,4.5,0.202,4.8,1.2,5.5,2.2,0.189,0.332,3.1,3.7
362,03/04/23 21:55:00,0.407,4.5,0.202,4.8,1.2,5.5,2.2,0.189,0.332,3.1,3.8
363,03/04/23 22:00:00,0.407,4.6,0.202,4.8,1.2,5.5,2.1,0.189,0.332,3.1,3.7
364,03/04/23 22:05:00,0.407,4.5,0.202,4.8,1.2,5.5,2.1,0.189,0.332,3.1,3.7
365,03/04/23 22:10:00,0.407,4.6,0.202,4.8,1.2,5.5,2.1,0.189,0.332,3.2,3.7
366,03/04/23 22:15:00,0.407,4.5,0.202,4.8,1.2,5.5,2.2,0.189,0.332,3.1,3.7
367,03/04/23 22:20:00,0.407,4.6,0.202,4.8,1.2,5.5,2.2,0.189,0.332,3.1,3.7
368,03/04/23 22:25:00,0.407,4.5,0.202,4.8,1.2,5.5,2.1,0.189,0.332,3.1,3.7
369,03/04/23 22:30:00,0.407,4.5,0.202,4.8,1.2,5.5,2.2,0.189,0.332,3.1,3.7
370,03/04/23 22:35:00,0.407,4.5,0.202,4.8,1.2,5.5,2.2,0.189,0.332,3.1,3.7
371,03/04/23 22:40:00,0.407,4.6,0.202,4.8,1.2,5.5,2.2,0.189,0.332,3.1,3.8
372,03/04/23 22:45:00,0.407,4.6,0.202,4.8,1.2,5.5,2.2,0.189,0.332,3.1,3.7
373,03/04/23 22:50:00,0.407,4.5,0.202,5.0,1.2,5.5,2.2,0.189,0.332,3.1,3.7
374,03/04/23 22:55:00,0.407,4.6,0.202,5.0,1.2,5.5,2.2,0.189,0.332,3.2,3.7
375,03/04/23 23:00:00,0.407,4.5,0.202,4.8,1.2,5.5,2.2,0.189,0.332,3.1,3.7
376,03/04/23 23:05:00,0.407,4.6,0.202,4.8,1.2,5.5,2.2,0.189,0.332,3.2,3.8
377,03/04/23 23:10:00,0.407,4.6,0.202,4.8,1.2,5.5,2.2,0.189,0.332,3.1,3.7
378,03/04/23 23:15:00,0.407,4.5,0.202,4.8,1.3,5.5,2.2,0.189,0.332,3.1,3.7
379,03/04/23 23:20:00,0.407,4.5,0.202,4.8,1.2,5.5,2.2,0.189,0.332,3.2,3.7
380,03/04/23 23:25:00,0.407,4.5,0.202,4.8,1.3,5.5,2.1,0.189,0.332,3.1,3.7
381,03/04/23 23:30:00,0.407,4.5,0.202,4.8,1.2,5.5,2.1,0.189,0.332,3.1,3.7
382,03/04/23 23:35:00,0.407,4.5,0.202,4.8,1.2,5.5,2.2,0.189,0.332,3.1,3.7
383,03/04/23 23:40:00,0.407,4.5,0.202,4.8,1.2,5.5,2.1,0.189,0.332,3.1,3.7
384,03/04/23 23:45:00,0.407,4.6,0.202,4.8,1.2,5.5,2.2,0.189,0.332,3.1,3.7
385,03/04/23 23:50:00,0.407,4.5,0.202,4.8,1.2,5.5,2.2,0.189,0.332,3.1,3.7
386,03/04/23 23:55:00,0.407,4.5,0.202,4.8,1.2,5.5,2.1,0.189,0.332,3.1,3.7
387,03/05/23 00:00:00,0.407,4.5,0.202,4.8,1.2,5.5,2.2,0.189,0.332,3.1,3.7
388,03/05/23 00:05:00,0.407,4.5,0.202,5.0,1.2,5.5,2.1,0.189,0.332,3.2,3.7
389,03/05/23 00:10:00,0.407,4.6,0.202,4.8,1.2,5.5,2.2,0.189,0.332,3.1,3.7
390,03/05/23 00:15:00,0.407,4.6,0.202,4.8,1.2,5.5,2.2,0.189,0.332,3.1,3.7
391,03/05/23 00:20:00,0.407,4.5,0.202,4.8,1.2,5.5,2.2,0.189,0.332,3.1,3.8
392,03/05/23 00:25:00,0.407,4.5,0.202,4.8,1.2,5.5,2.1,0.189,0.332,3.1,3.7
393,03/05/23 00:30:00,0.407,4.5,0.202,4.8,1.3,5.5,2.1,0.189,0.332,3.1,3.7
394,03/05/23 00:35:00,0.407,4.6,0.202,4.8,1.3,5.5,2.1,0.189,0.332,3.1,3.8
395,03/05/23 00:40:00,0.407,4.6,0.202,4.8,1.2,5.5,2.2,0.189,0.332,3.1,3.7
396,03/05/23 00:45:00,0.407,4.5,0.202,4.8,1.2,5.5,2.2,0.189,0.332,3.1,3.7
397,03/05/23 00:50:00,0.407,4.5,0.202,4.8,1.2,5.5,2.2,0.189,0.332,3.1,3.7
398,03/05/23 00:55:00,0.407,4.5,0.202,4.8,1.2,5.5,2.2,0.189,0.332,3.1,3.7
399,03/05/23 01:00:00,0.407,4.6,0.202,4.8,1.2,5.5,2.2,0.189,0.332,3.1,3.7
400,03/05/23 01:05:00,0.407,4.5,0.202,4.8,1.2,5.5,2.2,0.189,0.332,3.1,3.7
401,03/05/23 01:10:00,0.407,4.5,0.202,4.8,1.2,5.5,2.2,0.189,0.332,3.1,3.7
402,03/05/23 01:15:00,0.407,4.6,0.202,4.8,1.2,5.5,2.2,0.189,0.332,3.1,3.7
403,03/05/23 01:20:00,0.407,4.5,0.202,4.8,1.2,5.5,2.1,0.189,0.332,3.1,3.7
404,03/05/23 01:25:00,0.407,4.6,0.202,4.8,1.2,5.5,2.2,0.189,0.332,3.1,3.7
405,03/05/23 01:30:00,0.407,4.6,0.202,4.8,1.2,5.5,2.2,0.189,0.332,3.1,3.7
406,03/05/23 01:35:00,0.407,4.6,0.202,4.8,1.2,5.5,2.2,0.189,0.332,3.1,3.7
407,03/05/23 01:40:00,0.407,4.6,0.202,4.8,1.2,5.5,2.2,0.189,0.332,3.1,3.7
408,03/05/23 01:45:00,0.407,4.6,0.202,4.8,1.2,5.5,2.2,0.189,0.332,3.1,3.7
409,03/05/23 01:50:00,0.407,4.5,0.202,4.8,1.3,5.5,2.2,0.189,0.332,3.1,3.7
410,03/05/23 01:55:00,0.407,4.6,0.202,4.8,1.2,5.5,2.2,0.189,0.332,3.1,3.7
411,03/05/23 02:00:00,0.407,4.5,0.202,4.8,1.2,5.5,2.2,0.189,0.332,3.1,3.7
412,03/05/23 02:05:00,0.407,4.5,0.202,4.8,1.2,5.5,2.1,0.189,0.332,3.1,3.7
413,03/05/23 02:10:00,0.407,4.6,0.202,4.8,1.2,5.5,2.1,0.189,0.332,3.1,3.7
414,03/05/23 02:15:00,0.407,4.6,0.202,4.8,1.2,5.5,2.1,0.189,0.332,3.1,3.7
415,03/05/23 02:20:00,0.407,4.5,0.202,4.8,1.2,5.5,2.2,0.189,0.332,3.1,3.7
416,03/05/23 02:25:00,0.407,4.5,0.202,4.8,1.2,5.5,2.2,0.189,0.332,3.1,3.7
417,03/05/23 02:30:00,0.407,4.6,0.202,4.8,1.3,5.5,2.2,0.189,0.332,3.1,3.7
418,03/05/23 02:35:00,0.407,4.6,0.202,4.8,1.3,5.5,2.2,0.189,0.332,3.1,3.7
419,03/05/23 02:40:00,0.407,4.5,0.202,4.8,1.2,5.5,2.2,0.189,0.332,3.1,3.7
420,03/05/23 02:45:00,0.407,4.5,0.202,4.8,1.3,5.5,2.1,0.189,0.332,3.1,3.7
421,03/05/23 02:50:00,0.407,4.5,0.202,4.8,1.2,5.5,2.2,0.189,0.332,3.1,3.7
422,03/05/23 02:55:00,0.407,4.6,0.202,4.8,1.3,5.5,2.2,0.189,0.332,3.1,3.7
423,03/05/23 03:00:00,0.407,4.6,0.202,4.8,1.2,5.5,2.1,0.189,0.332,3.1,3.8
424,03/05/23 03:05:00,0.407,4.5,0.202,4.8,1.2,5.5,2.1,0.189,0.332,3.1,3.7
425,03/05/23 03:10:00,0.407,4.5,0.202,4.8,1.2,5.5,2.2,0.189,0.332,3.1,3.8
426,03/05/23 03:15:00,0.407,4.6,0.202,4.8,1.2,5.5,2.1,0.189,0.332,3.1,3.7
427,03/05/23 03:20:00,0.407,4.5,0.202,4.8,1.2,5.5,2.1,0.189,0.332,3.1,3.7
428,03/05/23 03:25:00,0.407,4.5,0.202,4.8,1.3,5.5,2.2,0.189,0.332,3.1,3.7
429,03/05/23 03:30:00,0.407,4.5,0.202,4.8,1.2,5.5,2.1,0.189,0.332,3.1,3.8
430,03/05/23 03:35:00,0.407,4.5,0.202,4.8,1.2,5.5,2.2,0.189,0.332,3.1,3.7
431,03/05/23 03:40:00,0.407,4.5,0.202,4.8,1.2,5.5,2.2,0.189,0.332,3.1,3.7
432,03/05/23 03:45:00,0.407,4.5,0.202,4.8,1.2,5.5,2.1,0.189,0.332,3.1,3.7
433,03/05/23 03:50:00,0.407,4.5,0.202,4.8,1.2,5.5,2.2,0.189,0.332,3.1,3.7
434,03/05/23 03:55:00,0.407,4.5,0.202,4.8,1.2,5.5,2.2,0.189,0.332,3.1,3.8
435,03/05/23 04:00:00,0.407,4.5,0.202,4.8,1.2,5.5,2.2,0.189,0.332,3.1,3.7
436,03/05/23 04:05:00,0.407,4.5,0.202,4.8,1.2,5.5,2.2,0.189,0.332,3.1,3.7
437,03/05/23 04:10:00,0.407,4.5,0.202,4.8,1.2,5.5,2.2,0.189,0.332,3.1,3.8
438,03/05/23 04:15:00,0.407,4.5,0.202,4.8,1.2,5.5,2.2,0.189,0.332,3.1,3.7
439,03/05/23 04:20:00,0.407,4.5,0.202,4.8,1.2,5.5,2.1,0.189,0.332,3.1,3.7
440,03/05/23 04:25:00,0.407,4.5,0.202,4.8,1.2,5.5,2.2,0.189,0.332,3.1,3.7
441,03/05/23 04:30:00,0.407,4.5,0.202,4.8,1.3,5.5,2.2,0.189,0.332,3.1,3.7
442,03/05/23 04:35:00,0.407,4.5,0.202,4.8,1.3,5.5,2.1,0.189,0.332,3.2,3.7
443,03/05/23 04:40:00,0.407,4.5,0.202,4.8,1.2,5.5,2.2,0.189,0.332,3.1,3.7
444,03/05/23 04:45:00,0.407,4.5,0.202,4.8,1.2,5.5,2.2,0.189,0.332,3.1,3.7
445,03/05/23 04:50:00,0.407,4.5,0.202,4.8,1.2,5.5,2.2,0.189,0.332,3.1,3.7
446,03/05/23 04:55:00,0.407,4.5,0.202,4.8,1.2,5.5,2.2,0.189,0.332,3.1,3.7
447,03/05/23 05:00:00,0.407,4.5,0.202,4.8,1.2,5.5,2.2,0.189,0.332,3.1,3.7
448,03/05/23 05:05:00,0.407,4.5,0.202,4.8,1.2,5.5,2.1,0.189,0.332,3.1,3.7
449,03/05/23 05:10:00,0.407,4.6,0.202,4.8,1.2,5.5,2.2,0.189,0.332,3.1,3.7
450,03/05/23 05:15:00,0.407,4.5,0.202,4.8,1.2,5.5,2.1,0.189,0.332,3.1,3.7
451,03/05/23 05:20:00,0.407,4.5,0.202,4.8,1.2,5.5,2.2,0.189,0.332,3.1,3.7
452,03/05/23 05:25:00,0.407,4.5,0.202,4.8,1.2,5.5,2.2,0.189,0.332,3.1,3.7
453,03/05/23 05:30:00,0.407,4.6,0.202,4.8,1.2,5.5,2.2,0.189,0.332,3.1,3.7
454,03/05/23 05:35:00,0.407,4.5,0.202,4.8,1.2,5.5,2.2,0.189,0.332,3.1,3.7
455,03/05/23 05:40:00,0.407,4.5,0.202,4.8,1.2,5.5,2.1,0.189,0.332,3.1,3.7
456,03/05/23 05:45:00,0.407,4.5,0.202,4.8,1.2,5.5,2.2,0.189,0.332,3.1,3.7
457,03/05/23 05:50:00,0.407,4.5,0.202,4.8,1.2,5.5,2.2,0.189,0.332,3.1,3.7
458,03/05/23 05:55:00,0.407,4.5,0.202,4.8,1.2,5.5,2.1,0.189,0.332,3.1,3.7
459,03/05/23 06:00:00,0.407,4.5,0.202,4.8,1.2,5.5,2.2,0.189,0.332,3.1,3.7
460,03/05/23 06:05:00,0.407,4.5,0.202,4.8,1.2,5.5,2.2,0.189,0.332,3.1,3.7
461,03/05/23 06:10:00,0.407,4.5,0.202,4.8,1.2,5.5,2.1,0.189,0.332,3.1,3.7
462,03/05/23 06:15:00,0.407,4.5,0.202,4.8,1.2,5.5,2.2,0.189,0.332,3.1,3.7
463,03/05/23 06:20:00,0.407,4.5,0.202,4.8,1.2,5.5,2.2,0.189,0.332,3.1,3.7
464,03/05/23 06:25:00,0.407,4.5,0.202,4.8,1.2,5.5,2.2,0.189,0.332,3.1,3.7
465,03/05/23 06:30:00,0.407,4.5,0.202,4.8,1.2,5.5,2.2,0.189,0.332,3.1,3.8
466,03/05/23 06:35:00,0.407,4.5,0.202,4.8,1.2,5.5,2.1,0.189,0.332,3.1,3.7
467,03/05/23 06:40:00,0.407,4.6,0.202,4.8,1.2,5.5,2.1,0.189,0.332,3.1,3.7
468,03/05/23 06:45:00,0.407,4.5,0.202,4.8,1.2,5.5,2.2,0.189,0.332,3.1,3.7
469,03/05/23 06:50:00,0.407,4.5,0.202,4.8,1.2,5.5,2.1,0.189,0.332,3.1,3.7
470,03/05/23 06:55:00,0.407,4.5,0.202,4.8,1.2,5.5,2.2,0.189,0.332,3.1,3.7
471,03/05/23 07:00:00,0.407,4.5,0.202,4.8,1.2,5.5,2.2,0.189,0.332,3.1,3.7
472,03/05/23 07:05:00,0.407,4.5,0.202,4.8,1.2,5.5,2.2,0.189,0.332,3.1,3.7
473,03/05/23 07:10:00,0.407,4.5,0.202,4.6,1.2,5.5,2.1,0.189,0.332,3.1,3.7
474,03/05/23 07:15:00,0.407,4.5,0.202,4.8,1.2,5.5,2.2,0.189,0.332,3.1,3.7
475,03/05/23 07:20:00,0.407,4.5,0.202,4.8,1.2,5.5,2.1,0.189,0.332,3.1,3.7
476,03/05/23 07:25:00,0.407,4.5,0.202,4.8,1.2,5.5,2.2,0.189,0.332,3.2,3.7
477,03/05/23 07:30:00,0.407,4.5,0.202,4.8,1.3,5.5,2.2,0.189,0.332,3.1,3.7
478,03/05/23 07:35:00,0.407,4.5,0.202,4.8,1.2,5.5,2.2,0.189,0.332,3.1,3.7
479,03/05/23 07:40:00,0.407,4.5,0.202,4.8,1.2,5.5,2.1,0.189,0.332,3.1,3.7
480,03/05/23 07:45:00,0.407,4.5,0.202,4.8,1.2,5.5,2.2,0.189,0.332,3.1,3.7
481,03/05/23 07:50:00,0.407,4.6,0.202,4.8,1.2,5.5,2.1,0.189,0.332,3.1,3.7
482,03/05/23 07:55:00,0.407,4.6,0.202,4.8,1.2,5.5,2.2,0.189,0.332,3.1,3.7
483,03/05/23 08:00:00,0.407,4.5,0.202,4.8,1.3,5.5,2.1,0.189,0.332,3.1,3.7
484,03/05/23 08:05:00,0.407,4.5,0.202,4.8,1.2,5.5,2.2,0.189,0.332,3.1,3.7
485,03/05/23 08:10:00,0.407,4.6,0.202,4.8,1.2,5.5,2.2,0.189,0.332,3.1,3.7
486,03/05/23 08:15:00,0.407,4.5,0.202,4.8,1.2,5.5,2.2,0.189,0.332,3.1,3.7
487,03/05/23 08:20:00,0.407,4.5,0.202,4.8,1.2,5.5,2.2,0.189,0.332,3.1,3.7
488,03/05/23 08:25:00,0.407,4.5,0.202,4.8,1.2,5.5,2.1,0.189,0.332,3.1,3.7
489,03/05/23 08:30:00,0.407,4.5,0.202,4.8,1.3,5.5,2.2,0.189,0.332,3.1,3.7
490,03/05/23 08:35:00,0.407,4.5,0.202,4.8,1.2,5.5,2.1,0.189,0.332,3.1,3.7
491,03/05/23 08:40:00,0.407,4.5,0.202,4.8,1.2,5.5,2.2,0.189,0.332,3.1,3.7
492,03/05/23 08:45:00,0.407,4.5,0.202,4.8,1.2,5.5,2.1,0.189,0.332,3.1,3.7
493,03/05/23 08:50:00,0.407,4.5,0.202,4.8,1.2,5.5,2.2,0.189,0.332,3.1,3.7
494,03/05/23 08:55:00,0.407,4.5,0.202,4.8,1.3,5.5,2.2,0.189,0.332,3.1,3.7
495,03/05/23 09:00:00,0.407,4.5,0.202,4.8,1.2,5.5,2.1,0.189,0.332,3.1,3.7
496,03/05/23 09:05:00,0.407,4.6,0.202,4.8,1.2,5.5,2.2,0.189,0.332,3.1,3.7
497,03/05/23 09:10:00,0.407,4.5,0.202,4.8,1.2,5.5,2.2,0.189,0.332,3.1,3.7
498,03/05/23 09:15:00,0.407,4.5,0.202,4.8,1.2,5.5,2.1,0.189,0.332,3.1,3.7
499,03/05/23 09:20:00,0.407,4.5,0.202,4.8,1.3,5.5,2.2,0.189,0.332,3.1,3.8
500,03/05/23 09:25:00,0.407,4.5,0.202,4.8,1.2,5.5,2.1,0.189,0.332,3.1,3.7
501,03/05/23 09:30:00,0.407,4.5,0.202,4.8,1.2,5.5,2.2,0.189,0.332,3.1,3.7
502,03/05/23 09:35:00,0.407,4.5,0.202,4.8,1.2,5.5,2.1,0.189,0.332,3.1,3.7
503,03/05/23 09:40:00,0.407,4.5,0.202,4.8,1.2,5.5,2.1,0.189,0.332,3.1,3.7
504,03/05/23 09:45:00,0.407,4.5,0.202,4.8,1.2,5.5,2.2,0.189,0.332,3.1,3.7
505,03/05/23 09:50:00,0.407,4.5,0.202,4.8,1.2,5.5,2.2,0.189,0.332,3.1,3.7
506,03/05/23 09:55:00,0.407,4.5,0.202,4.8,1.2,5.5,2.1,0.189,0.332,3.1,3.8
507,03/05/23 10:00:00,0.407,4.5,0.202,4.8,1.2,5.5,2.2,0.189,0.332,3.1,3.7
508,03/05/23 10:05:00,0.407,4.5,0.202,4.8,1.2,5.5,2.2,0.189,0.332,3.1,3.7
509,03/05/23 10:10:00,0.407,4.5,0.202,4.8,1.2,5.5,2.1,0.189,0.332,3.1,3.7
510,03/05/23 10:15:00,0.407,4.5,0.202,4.8,1.2,5.5,2.1,0.189,0.332,3.1,3.7
511,03/05/23 10:20:00,0.407,4.5,0.202,4.8,1.2,5.5,2.1,0.189,0.332,3.1,3.7
512,03/05/23 10:25:00,0.407,4.5,0.202,4.8,1.2,5.5,2.2,0.189,0.332,3.1,3.7
513,03/05/23 10:30:00,0.407,4.5,0.202,4.8,1.2,5.5,2.2,0.189,0.332,3.1,3.7
514,03/05/23 10:35:00,0.407,4.5,0.202,4.8,1.2,5.5,2.2,0.189,0.332,3.1,3.7
515,03/05/23 10:40:00,0.407,4.5,0.202,4.8,1.2,5.5,2.2,0.189,0.332,3.1,3.7
516,03/05/23 10:45:00,0.407,4.5,0.202,4.8,1.2,5.5,2.2,0.189,0.332,3.1,3.7
517,03/05/23 10:50:00,0.407,4.5,0.202,4.8,1.2,5.5,2.1,0.189,0.332,3.1,3.7
518,03/05/23 10:55:00,0.407,4.5,0.202,4.8,1.2,5.5,2.2,0.189,0.332,3.1,3.7
519,03/05/23 11:00:00,0.407,4.5,0.202,4.8,1.2,5.5,2.2,0.189,0.332,3.1,3.7
520,03/05/23 11:05:00,0.407,4.5,0.202,4.8,1.2,5.5,2.1,0.189,0.332,3.1,3.7
521,03/05/23 11:10:00,0.407,4.5,0.202,4.8,1.2,5.5,2.1,0.189,0.332,3.1,3.7
522,03/05/23 11:15:00,0.407,4.5,0.202,4.8,1.2,5.5,2.1,0.189,0.332,3.1,3.7
523,03/05/23 11:20:00,0.407,4.5,0.202,4.8,1.2,5.5,2.2,0.189,0.332,3.1,3.7
524,03/05/23 11:25:00,0.407,4.5,0.202,4.8,1.2,5.5,2.2,0.189,0.332,3.1,3.7
525,03/05/23 11:30:00,0.407,4.5,0.202,4.8,1.2,5.5,2.1,0.189,0.332,3.1,3.7
526,03/05/23 11:35:00,0.407,4.5,0.202,4.8,1.2,5.5,2.2,0.189,0.332,3.1,3.7
527,03/05/23 11:40:00,0.407,4.5,0.202,4.8,1.3,5.5,2.1,0.189,0.332,3.1,3.7
528,03/05/23 11:45:00,0.407,4.5,0.202,4.8,1.2,5.5,2.1,0.189,0.332,3.1,3.7
529,03/05/23 11:50:00,0.407,4.5,0.202,4.8,1.2,5.5,2.2,0.189,0.332,3.1,3.7
530,03/05/23 11:55:00,0.407,4.5,0.202,4.8,1.2,5.5,2.2,0.189,0.332,3.1,3.7
531,03/05/23 12:00:00,0.407,4.5,0.202,4.8,1.2,5.5,2.2,0.189,0.332,3.1,3.7
532,03/05/23 12:05:00,0.407,4.5,0.202,4.8,1.2,5.5,2.1,0.189,0.332,3.1,3.7
533,03/05/23 12:10:00,0.407,4.5,0.202,4.8,1.2,5.5,2.1,0.189,0.332,3.1,3.7
534,03/05/23 12:15:00,0.407,4.5,0.202,4.8,1.2,5.5,2.1,0.189,0.332,3.1,3.7
535,03/05/23 12:20:00,0.407,4.5,0.202,4.8,1.2,5.5,2.2,0.189,0.332,3.1,3.7
536,03/05/23 12:25:00,0.407,4.5,0.202,4.8,1.2,5.5,2.2,0.189,0.332,3.1,3.7
537,03/05/23 12:30:00,0.407,4.5,0.202,4.8,1.2,5.5,2.1,0.189,0.332,3.1,3.7
538,03/05/23 12:35:00,0.407,4.5,0.202,4.8,1.2,5.5,2.1,0.189,0.332,3.1,3.7
539,03/05/23 12:40:00,0.407,4.5,0.202,4.8,1.2,5.5,2.1,0.189,0.332,3.1,3.7
540,03/05/23 12:45:00,0.407,4.5,0.202,4.8,1.2,5.5,2.1,0.189,0.332,3.1,3.7
541,03/05/23 12:50:00,0.407,4.5,0.202,4.8,1.3,5.5,2.1,0.189,0.332,3.1,3.7
542,03/05/23 12:55:00,0.407,4.5,0.202,4.8,1.2,5.5,2.2,0.189,0.332,3.1,3.7
543,03/05/23 13:00:00,0.407,4.5,0.202,4.8,1.2,5.5,2.2,0.189,0.332,3.1,3.7
544,03/05/23 13:05:00,0.407,4.5,0.202,4.8,1.2,5.5,2.1,0.189,0.332,3.1,3.7
545,03/05/23 13:10:00,0.407,4.5,0.202,4.8,1.2,5.5,2.2,0.189,0.332,3.1,3.7
546,03/05/23 13:15:00,0.407,4.5,0.202,4.8,1.2,5.5,2.2,0.189,0.332,3.1,3.7
547,03/05/23 13:20:00,0.407,4.5,0.202,4.8,1.2,5.5,2.1,0.189,0.332,3.1,3.7
548,03/05/23 13:25:00,0.407,4.5,0.202,4.8,1.2,5.5,2.2,0.189,0.332,3.1,3.7
549,03/05/23 13:30:00,0.407,4.5,0.202,4.8,1.2,5.5,2.2,0.189,0.332,3.1,3.7
550,03/05/23 13:35:00,0.407,4.5,0.202,4.8,1.2,5.5,2.1,0.189,0.332,3.1,3.7
551,03/05/23 13:40:00,0.407,4.5,0.202,4.8,1.2,5.5,2.1,0.189,0.332,3.1,3.7
552,03/05/23 13:45:00,0.407,4.5,0.202,4.8,1.2,5.5,2.1,0.189,0.332,3.1,3.7
553,03/05/23 13:50:00,0.407,4.5,0.202,4.8,1.2,5.5,2.2,0.189,0.332,3.1,3.7
554,03/05/23 13:55:00,0.407,4.5,0.202,4.8,1.2,5.5,2.2,0.189,0.332,3.1,3.7
555,03/05/23 14:00:00,0.407,4.5,0.202,4.8,1.3,5.5,2.2,0.189,0.332,3.1,3.7
556,03/05/23 14:05:00,0.407,4.5,0.202,4.8,1.2,5.5,2.2,0.189,0.332,3.1,3.7
557,03/05/23 14:10:00,0.407,4.5,0.202,4.6,1.2,5.5,2.2,0.189,0.332,3.1,3.7
558,03/05/23 14:15:00,0.407,4.5,0.202,4.8,1.2,5.5,2.2,0.189,0.332,3.1,3.7
559,03/05/23 14:20:00,0.407,4.5,0.202,4.8,1.2,5.5,2.2,0.189,0.332,3.1,3.7
560,03/05/23 14:25:00,0.407,4.5,0.202,4.8,1.2,5.5,2.1,0.189,0.332,3.1,3.7
561,03/05/23 14:30:00,0.407,4.5,0.202,4.8,1.2,5.5,2.2,0.189,0.332,3.1,3.7
562,03/05/23 14:35:00,0.407,4.5,0.202,4.8,1.2,5.5,2.2,0.189,0.332,3.1,3.7
563,03/05/23 14:40:00,0.407,4.5,0.202,4.8,1.2,5.5,2.2,0.189,0.332,3.1,3.7
564,03/05/23 14:45:00,0.407,4.5,0.202,4.6,1.2,5.5,2.1,0.189,0.332,3.1,3.7
565,03/05/23 14:50:00,0.407,4.5,0.202,4.8,1.2,5.5,2.1,0.189,0.332,3.1,3.7
566,03/05/23 14:55:00,0.407,4.5,0.202,4.8,1.3,5.5,2.2,0.189,0.332,3.1,3.7
567,03/05/23 15:00:00,0.407,4.5,0.202,4.8,1.2,5.5,2.2,0.189,0.332,3.1,3.7
568,03/05/23 15:05:00,0.407,4.5,0.202,4.8,1.2,5.5,2.2,0.189,0.332,3.1,3.7
569,03/05/23 15:10:00,0.407,4.5,0.202,4.8,1.2,5.5,2.1,0.189,0.332,3.1,3.7
570,03/05/23 15:15:00,0.407,4.5,0.202,4.6,1.2,5.5,2.1,0.189,0.332,3.1,3.7
571,03/05/23 15:20:00,0.407,4.5,0.202,4.8,1.2,5.5,2.2,0.189,0.332,3.1,3.7
572,03/05/23 15:25:00,0.407,4.5,0.202,4.8,1.2,5.5,2.1,0.189,0.332,3.1,3.7
573,03/05/23 15:30:00,0.407,4.5,0.202,4.8,1.2,5.5,2.2,0.189,0.332,3.1,3.7
574,03/05/23 15:35:00,0.407,4.5,0.202,4.8,1.2,5.5,2.1,0.189,0.332,3.1,3.7
575,03/05/23 15:40:00,0.407,4.5,0.202,4.8,1.2,5.5,2.1,0.189,0.332,3.1,3.7
576,03/05/23 15:45:00,0.407,4.5,0.202,4.8,1.3,5.5,2.1,0.189,0.332,3.1,3.7
577,03/05/23 15:50:00,0.407,4.5,0.202,4.8,1.2,5.5,2.2,0.189,0.332,3.1,3.7
578,03/05/23 15:55:00,0.407,4.5,0.202,4.8,1.2,5.5,2.1,0.189,0.332,3.1,3.7
579,03/05/23 16:00:00,0.407,4.5,0.202,4.6,1.2,5.5,2.1,0.189,0.332,3.1,3.7
580,03/05/23 16:05:00,0.407,4.5,0.202,4.8,1.2,5.5,2.1,0.189,0.332,3.1,3.7
581,03/05/23 16:10:00,0.407,4.5,0.202,4.8,1.2,5.5,2.1,0.189,0.332,3.1,3.7
582,03/05/23 16:15:00,0.407,4.5,0.202,4.6,1.2,5.5,2.2,0.189,0.332,3.1,3.7
583,03/05/23 16:20:00,0.407,4.5,0.202,4.8,1.3,5.5,2.2,0.189,0.332,3.1,3.7
584,03/05/23 16:25:00,0.407,4.5,0.202,4.8,1.2,5.5,2.1,0.189,0.332,3.1,3.7
585,03/05/23 16:30:00,0.407,4.5,0.202,4.8,1.2,5.5,2.2,0.189,0.332,3.1,3.7
586,03/05/23 16:35:00,0.407,4.5,0.202,4.8,1.2,5.5,2.2,0.189,0.332,3.1,3.7
587,03/05/23 16:40:00,0.407,4.5,0.202,4.8,1.2,5.5,2.1,0.189,0.332,3.1,3.7
588,03/05/23 16:45:00,0.407,4.5,0.202,4.8,1.2,5.5,2.2,0.189,0.332,3.1,3.7
589,03/05/23 16:50:00,0.407,4.5,0.202,4.8,1.2,5.5,2.2,0.189,0.332,3.1,3.7
590,03/05/23 16:55:00,0.407,4.5,0.202,4.8,1.2,5.5,2.1,0.189,0.332,3.1,3.7
591,03/05/23 17:00:00,0.407,4.5,0.202,4.8,1.2,5.5,2.2,0.189,0.332,3.1,3.7
592,03/05/23 17:05:00,0.407,4.5,0.202,4.8,1.2,5.5,2.1,0.189,0.332,3.1,3.7
593,03/05/23 17:10:00,0.407,4.5,0.202,4.8,1.2,5.5,2.2,0.189,0.332,3.1,3.7
594,03/05/23 17:15:00,0.407,4.5,0.202,4.8,1.2,5.5,2.2,0.189,0.332,3.1,3.7
595,03/05/23 17:20:00,0.407,4.5,0.202,4.8,1.2,5.5,2.2,0.189,0.332,3.1,3.7
596,03/05/23 17:25:00,0.407,4.5,0.202,4.8,1.3,5.5,2.2,0.189,0.332,3.1,3.7
597,03/05/23 17:30:00,0.407,4.5,0.202,4.8,1.2,5.5,2.2,0.189,0.332,3.1,3.7
598,03/05/23 17:35:00,0.407,4.5,0.202,4.8,1.2,5.5,2.2,0.189,0.332,3.1,3.7
599,03/05/23 17:40:00,0.407,4.5,0.202,4.6,1.3,5.5,2.1,0.189,0.332,3.1,3.7
600,03/05/23 17:45:00,0.407,4.5,0.202,4.8,1.2,5.5,2.2,0.189,0.332,3.1,3.7
601,03/05/23 17:50:00,0.407,4.5,0.202,4.6,1.2,5.5,2.2,0.189,0.332,3.1,3.7
602,03/05/23 17:55:00,0.407,4.5,0.202,4.8,1.2,5.5,2.2,0.189,0.332,3.1,3.7
603,03/05/23 18:00:00,0.407,4.5,0.202,4.8,1.2,5.5,2.2,0.189,0.332,3.1,3.7
604,03/05/23 18:05:00,0.407,4.5,0.202,4.8,1.2,5.5,2.2,0.189,0.332,3.1,3.7
605,03/05/23 18:10:00,0.407,4.5,0.202,4.8,1.2,5.5,2.1,0.189,0.332,3.1,3.7
606,03/05/23 18:15:00,0.407,4.5,0.202,4.8,1.2,5.5,2.2,0.189,0.332,3.1,3.7
607,03/05/23 18:20:00,0.407,4.5,0.202,4.8,1.2,5.5,2.2,0.189,0.332,3.1,3.7
608,03/05/23 18:25:00,0.407,4.5,0.202,4.8,1.2,5.5,2.1,0.189,0.332,3.1,3.7
609,03/05/23 18:30:00,0.407,4.5,0.202,4.8,1.2,5.5,2.1,0.189,0.332,3.1,3.7
610,03/05/23 18:35:00,0.407,4.5,0.202,4.8,1.2,5.5,2.1,0.189,0.332,3.1,3.7
611,03/05/23 18:40:00,0.407,4.5,0.202,4.8,1.2,5.5,2.1,0.189,0.332,3.1,3.7
612,03/05/23 18:45:00,0.407,4.5,0.202,4.8,1.3,5.5,2.1,0.189,0.332,3.1,3.7
613,03/05/23 18:50:00,0.407,4.5,0.202,4.8,1.2,5.5,2.1,0.189,0.332,3.1,3.7
614,03/05/23 18:55:00,0.407,4.5,0.202,4.8,1.2,5.5,2.2,0.189,0.332,3.1,3.7
615,03/05/23 19:00:00,0.407,4.5,0.202,4.8,1.2,5.5,2.1,0.189,0.332,3.1,3.7
616,03/05/23 19:05:00,0.407,4.5,0.202,4.8,1.2,5.5,2.1,0.189,0.332,3.1,3.7
617,03/05/23 19:10:00,0.407,4.5,0.202,4.6,1.2,5.5,2.2,0.189,0.332,3.1,3.7
618,03/05/23 19:15:00,0.407,4.5,0.202,4.8,1.2,5.5,2.2,0.189,0.332,3.1,3.7
619,03/05/23 19:20:00,0.407,4.5,0.202,4.8,1.2,5.5,2.2,0.189,0.332,3.1,3.7
620,03/05/23 19:25:00,0.407,4.5,0.202,4.8,1.2,5.5,2.1,0.189,0.332,3.1,3.7
621,03/05/23 19:30:00,0.407,4.5,0.202,4.8,1.2,5.5,2.1,0.189,0.332,3.1,3.7
622,03/05/23 19:35:00,0.407,4.5,0.202,4.6,1.2,5.5,2.2,0.189,0.332,3.1,3.7
623,03/05/23 19:40:00,0.407,4.5,0.202,4.8,1.2,5.5,2.1,0.189,0.332,3.1,3.7
624,03/05/23 19:45:00,0.407,4.5,0.202,4.8,1.2,5.5,2.2,0.189,0.332,3.1,3.7
625,03/05/23 19:50:00,0.407,4.5,0.202,4.8,1.2,5.5,2.1,0.189,0.332,3.1,3.7
626,03/05/23 19:55:00,0.407,4.5,0.202,4.8,1.2,5.5,2.2,0.189,0.332,3.1,3.7
627,03/05/23 20:00:00,0.407,4.5,0.202,4.8,1.2,5.5,2.1,0.189,0.332,3.1,3.7
628,03/05/23 20:05:00,0.407,4.5,0.202,4.8,1.2,5.5,2.2,0.189,0.332,3.1,3.7
629,03/05/23 20:10:00,0.407,4.5,0.202,4.8,1.2,5.5,2.1,0.189,0.332,3.1,3.7
630,03/05/23 20:15:00,0.407,4.5,0.202,4.8,1.2,5.5,2.1,0.189,0.332,3.1,3.7
631,03/05/23 20:20:00,0.407,4.5,0.202,4.8,1.3,5.5,2.1,0.189,0.332,3.1,3.7
632,03/05/23 20:25:00,0.407,4.5,0.202,4.8,1.2,5.5,2.2,0.189,0.332,3.1,3.7
633,03/05/23 20:30:00,0.407,4.5,0.202,4.8,1.3,5.5,2.2,0.189,0.332,3.1,3.7
634,03/05/23 20:35:00,0.407,4.5,0.202,4.8,1.2,5.5,2.1,0.189,0.332,3.1,3.7
635,03/05/23 20:40:00,0.407,4.5,0.202,4.8,1.2,5.5,2.2,0.189,0.332,3.1,3.7
636,03/05/23 20:45:00,0.407,4.5,0.202,4.8,1.2,5.5,2.1,0.189,0.332,3.1,3.7
637,03/05/23 20:50:00,0.407,4.5,0.202,4.8,1.2,5.5,2.1,0.189,0.332,3.1,3.7
638,03/05/23 20:55:00,0.407,4.5,0.202,4.6,1.3,5.5,2.1,0.189,0.332,3.1,3.7
639,03/05/23 21:00:00,0.407,4.5,0.202,4.8,1.2,5.5,2.1,0.189,0.332,3.1,3.7
640,03/05/23 21:05:00,0.407,4.5,0.202,4.8,1.3,5.5,2.1,0.189,0.332,3.1,3.7
641,03/05/23 21:10:00,0.407,4.5,0.202,4.8,1.2,5.5,2.1,0.189,0.332,3.1,3.7
642,03/05/23 21:15:00,0.407,4.5,0.202,4.6,1.2,5.5,2.1,0.189,0.332,3.1,3.7
643,03/05/23 21:20:00,0.407,4.5,0.202,4.8,1.2,5.5,2.1,0.189,0.332,3.1,3.7
644,03/05/23 21:25:00,0.407,4.5,0.202,4.8,1.3,5.5,2.1,0.189,0.332,3.1,3.7
645,03/05/23 21:30:00,0.407,4.5,0.202,4.8,1.2,5.5,2.1,0.189,0.332,3.1,3.7
646,03/05/23 21:35:00,0.409,4.5,0.202,4.8,1.2,5.5,2.2,0.189,0.332,3.1,3.7
647,03/05/23 21:40:00,0.407,4.5,0.202,4.8,1.2,5.5,2.2,0.189,0.332,3.1,3.7
648,03/05/23 21:45:00,0.407,4.5,0.202,4.6,1.3,5.5,2.1,0.189,0.332,3.1,3.7
649,03/05/23 21:50:00,0.407,4.5,0.202,4.8,1.3,5.5,2.2,0.189,0.332,3.1,3.7
650,03/05/23 21:55:00,0.409,4.5,0.202,4.8,1.2,5.5,2.1,0.189,0.332,3.1,3.7
651,03/05/23 22:00:00,0.409,4.5,0.202,4.8,1.2,5.5,2.1,0.189,0.332,3.1,3.7
652,03/05/23 22:05:00,0.409,4.5,0.202,4.8,1.2,5.5,2.1,0.189,0.332,3.1,3.7
653,03/05/23 22:10:00,0.409,4.5,0.202,4.6,1.2,5.5,2.1,0.189,0.332,3.1,3.7
654,03/05/23 22:15:00,0.409,4.5,0.202,4.8,1.2,5.5,2.1,0.189,0.332,3.1,3.7
655,03/05/23 22:20:00,0.409,4.5,0.202,4.8,1.2,5.5,2.2,0.189,0.332,3.1,3.7
656,03/05/23 22:25:00,0.409,4.5,0.202,4.8,1.2,5.5,2.2,0.189,0.332,3.1,3.7
657,03/05/23 22:30:00,0.409,4.5,0.202,4.8,1.2,5.5,2.2,0.189,0.332,3.1,3.7
658,03/05/23 22:35:00,0.409,4.5,0.202,4.8,1.2,5.5,2.1,0.189,0.332,3.1,3.7
659,03/05/23 22:40:00,0.409,4.5,0.202,4.8,1.2,5.5,2.1,0.189,0.332,3.1,3.7
660,03/05/23 22:45:00,0.409,4.5,0.202,4.8,1.2,5.5,2.2,0.189,0.332,3.1,3.7
661,03/05/23 22:50:00,0.409,4.5,0.202,4.6,1.2,5.5,2.2,0.189,0.332,3.1,3.7
662,03/05/23 22:55:00,0.409,4.5,0.202,4.6,1.2,5.5,2.1,0.189,0.332,3.1,3.7
663,03/05/23 23:00:00,0.409,4.6,0.202,4.8,1.2,5.5,2.2,0.189,0.332,3.1,3.7
664,03/05/23 23:05:00,0.409,4.5,0.202,4.8,1.2,5.5,2.1,0.189,0.332,3.1,3.7
665,03/05/23 23:10:00,0.409,4.5,0.202,4.6,1.2,5.5,2.1,0.189,0.332,3.1,3.7
666,03/05/23 23:15:00,0.409,4.5,0.202,4.8,1.2,5.5,2.1,0.189,0.332,3.1,3.7
667,03/05/23 23:20:00,0.409,4.5,0.202,4.8,1.2,5.5,2.1,0.189,0.332,3.1,3.7
668,03/05/23 23:25:00,0.409,4.5,0.202,4.8,1.2,5.5,2.2,0.189,0.332,3.1,3.7
669,03/05/23 23:30:00,0.409,4.5,0.202,4.6,1.2,5.5,2.2,0.189,0.332,3.1,3.7
670,03/05/23 23:35:00,0.409,4.5,0.202,4.6,1.2,5.5,2.2,0.189,0.332,3.1,3.7
671,03/05/23 23:40:00,0.409,4.5,0.202,4.6,1.2,5.5,2.1,0.189,0.332,3.1,3.7
672,03/05/23 23:45:00,0.409,4.5,0.202,4.6,1.2,5.5,2.1,0.189,0.332,3.1,3.7
673,03/05/23 23:50:00,0.409,4.5,0.202,4.8,1.2,5.5,2.2,0.189,0.332,3.1,3.7
674,03/05/23 23:55:00,0.409,4.5,0.202,4.8,1.3,5.5,2.1,0.189,0.332,3.1,3.7
675,03/06/23 00:00:00,0.409,4.5,0.202,4.8,1.3,5.5,2.2,0.189,0.332,3.1,3.7
676,03/06/23 00:05:00,0.409,4.5,0.202,4.6,1.2,5.5,2.1,0.189,0.332,3.1,3.7
677,03/06/23 00:10:00,0.409,4.5,0.202,4.6,1.2,5.5,2.1,0.189,0.332,3.1,3.7
678,03/06/23 00:15:00,0.409,4.5,0.202,4.8,1.3,5.5,2.1,0.189,0.332,3.1,3.7
679,03/06/23 00:20:00,0.409,4.5,0.202,4.8,1.3,5.5,2.1,0.189,0.332,3.1,3.7
680,03/06/23 00:25:00,0.409,4.5,0.202,4.6,1.2,5.5,2.1,0.189,0.332,3.1,3.6
681,03/06/23 00:30:00,0.409,4.5,0.202,4.8,1.2,5.5,2.2,0.189,0.332,3.1,3.7
682,03/06/23 00:35:00,0.409,4.5,0.202,4.8,1.2,5.5,2.2,0.189,0.332,3.1,3.7
683,03/06/23 00:40:00,0.409,4.5,0.202,4.8,1.3,5.5,2.2,0.189,0.332,3.1,3.7
684,03/06/23 00:45:00,0.409,4.5,0.202,4.6,1.3,5.5,2.1,0.189,0.332,3.1,3.7
685,03/06/23 00:50:00,0.409,4.5,0.202,4.8,1.2,5.5,2.1,0.189,0.332,3.1,3.7
686,03/06/23 00:55:00,0.409,4.5,0.202,4.8,1.2,5.5,2.1,0.189,0.332,3.1,3.7
687,03/06/23 01:00:00,0.409,4.5,0.202,4.8,1.2,5.5,2.2,0.189,0.332,3.1,3.7
688,03/06/23 01:05:00,0.409,4.5,0.202,4.8,1.2,5.5,2.1,0.189,0.332,3.1,3.7
689,03/06/23 01:10:00,0.409,4.5,0.202,4.6,1.3,5.5,2.2,0.189,0.332,3.1,3.7
690,03/06/23 01:15:00,0.409,4.5,0.202,4.6,1.3,5.5,2.2,0.189,0.332,3.1,3.7
691,03/06/23 01:20:00,0.409,4.5,0.202,4.8,1.2,5.5,2.1,0.189,0.332,3.1,3.7
692,03/06/23 01:25:00,0.409,4.5,0.202,4.8,1.2,5.5,2.1,0.189,0.332,3.1,3.7
693,03/06/23 01:30:00,0.409,4.5,0.202,4.6,1.2,5.5,2.1,0.189,0.332,3.1,3.6
694,03/06/23 01:35:00,0.409,4.5,0.202,4.8,1.2,5.5,2.1,0.189,0.332,3.1,3.7
695,03/06/23 01:40:00,0.409,4.5,0.202,4.6,1.2,5.5,2.1,0.189,0.332,3.1,3.7
696,03/06/23 01:45:00,0.409,4.5,0.202,4.6,1.2,5.5,2.1,0.189,0.332,3.1,3.7
697,03/06/23 01:50:00,0.409,4.5,0.202,4.6,1.2,5.5,2.1,0.189,0.332,3.1,3.7
698,03/06/23 01:55:00,0.409,4.5,0.202,4.6,1.2,5.5,2.1,0.189,0.332,3.1,3.7
699,03/06/23 02:00:00,0.409,4.5,0.202,4.8,1.2,5.5,2.2,0.189,0.332,3.1,3.7
700,03/06/23 02:05:00,0.409,4.5,0.202,4.6,1.2,5.5,2.2,0.189,0.332,3.1,3.7
701,03/06/23 02:10:00,0.409,4.5,0.202,4.8,1.2,5.5,2.2,0.189,0.332,3.1,3.7
702,03/06/23 02:15:00,0.409,4.5,0.202,4.8,1.2,5.5,2.2,0.189,0.332,3.1,3.7
703,03/06/23 02:20:00,0.409,4.5,0.202,4.8,1.2,5.5,2.1,0.189,0.332,3.1,3.7
704,03/06/23 02:25:00,0.409,4.5,0.202,4.8,1.2,5.5,2.1,0.189,0.332,3.1,3.7
705,03/06/23 02:30:00,0.409,4.5,0.202,4.8,1.2,5.5,2.1,0.189,0.332,3.1,3.7
706,03/06/23 02:35:00,0.409,4.5,0.202,4.6,1.2,5.5,2.1,0.189,0.332,3.1,3.7
707,03/06/23 02:40:00,0.409,4.5,0.202,4.8,1.2,5.5,2.1,0.189,0.332,3.1,3.7
708,03/06/23 02:45:00,0.409,4.5,0.202,4.6,1.2,5.5,2.1,0.189,0.332,3.1,3.7
709,03/06/23 02:50:00,0.409,4.5,0.202,4.6,1.2,5.5,2.1,0.189,0.332,3.1,3.7
710,03/06/23 02:55:00,0.409,4.5,0.202,4.6,1.2,5.5,2.1,0.189,0.332,3.1,3.7
711,03/06/23 03:00:00,0.409,4.5,0.202,4.8,1.2,5.5,2.1,0.189,0.332,3.1,3.6
712,03/06/23 03:05:00,0.409,4.5,0.202,4.8,1.2,5.5,2.2,0.189,0.332,3.1,3.7
713,03/06/23 03:10:00,0.409,4.5,0.202,4.6,1.2,5.5,2.1,0.189,0.332,3.1,3.7
714,03/06/23 03:15:00,0.409,4.5,0.202,4.8,1.2,5.5,2.1,0.189,0.332,3.1,3.7
715,03/06/23 03:20:00,0.409,4.5,0.202,4.6,1.2,5.5,2.2,0.189,0.332,3.1,3.7
716,03/06/23 03:25:00,0.409,4.5,0.202,4.6,1.2,5.5,2.1,0.189,0.332,3.1,3.7
717,03/06/23 03:30:00,0.409,4.5,0.202,4.6,1.2,5.5,2.1,0.189,0.332,3.1,3.7
718,03/06/23 03:35:00,0.409,4.5,0.202,4.6,1.2,5.5,2.1,0.189,0.332,3.1,3.7
719,03/06/23 03:40:00,0.409,4.5,0.202,4.6,1.2,5.5,2.1,0.189,0.332,3.1,3.7
720,03/06/23 03:45:00,0.409,4.5,0.202,4.6,1.2,5.5,2.1,0.189,0.332,3.1,3.7
721,03/06/23 03:50:00,0.409,4.5,0.202,4.6,1.2,5.5,2.1,0.189,0.332,3.1,3.7
722,03/06/23 03:55:00,0.409,4.5,0.202,4.6,1.2,5.5,2.1,0.189,0.332,3.1,3.7
723,03/06/23 04:00:00,0.409,4.5,0.202,4.8,1.2,5.5,2.1,0.189,0.332,3.1,3.7
724,03/06/23 04:05:00,0.409,4.5,0.202,4.8,1.2,5.5,2.1,0.189,0.332,3.1,3.7
725,03/06/23 04:10:00,0.409,4.5,0.202,4.6,1.3,5.5,2.1,0.189,0.332,3.1,3.7
726,03/06/23 04:15:00,0.409,4.5,0.202,4.8,1.2,5.5,2.1,0.189,0.332,3.1,3.7
727,03/06/23 04:20:00,0.409,4.5,0.202,4.6,1.2,5.5,2.1,0.189,0.332,3.1,3.7
728,03/06/23 04:25:00,0.409,4.5,0.202,4.6,1.2,5.5,2.1,0.189,0.332,3.1,3.7
729,03/06/23 04:30:00,0.409,4.5,0.202,4.6,1.2,5.5,2.1,0.189,0.332,3.1,3.7
730,03/06/23 04:35:00,0.409,4.5,0.202,4.6,1.3,5.5,2.1,0.189,0.332,3.1,3.7
731,03/06/23 04:40:00,0.409,4.5,0.202,4.8,1.2,5.5,2.1,0.189,0.332,3.1,3.7
732,03/06/23 04:45:00,0.409,4.5,0.202,4.8,1.2,5.3,2.1,0.189,0.332,3.1,3.7
733,03/06/23 04:50:00,0.409,4.5,0.202,4.6,1.2,5.5,2.2,0.189,0.332,3.1,3.7
734,03/06/23 04:55:00,0.409,4.5,0.202,4.6,1.2,5.5,2.1,0.189,0.332,3.1,3.7
735,03/06/23 05:00:00,0.409,4.5,0.202,4.8,1.2,5.5,2.2,0.189,0.332,3.1,3.7
736,03/06/23 05:05:00,0.409,4.5,0.202,4.6,1.2,5.5,2.1,0.189,0.332,3.1,3.7
737,03/06/23 05:10:00,0.409,4.5,0.202,4.6,1.2,5.5,2.1,0.189,0.332,3.1,3.7
738,03/06/23 05:15:00,0.410,4.5,0.202,4.8,1.2,5.3,2.1,0.189,0.332,3.1,3.7
739,03/06/23 05:20:00,0.409,4.5,0.202,4.8,1.2,5.5,2.1,0.189,0.332,3.1,3.7
740,03/06/23 05:25:00,0.409,4.5,0.202,4.8,1.2,5.5,2.2,0.189,0.332,3.1,3.6
741,03/06/23 05:30:00,0.409,4.5,0.202,4.8,1.2,5.5,2.1,0.189,0.332,3.1,3.7
742,03/06/23 05:35:00,0.409,4.5,0.202,4.6,1.2,5.5,2.1,0.189,0.332,3.1,3.7
743,03/06/23 05:40:00,0.409,4.5,0.202,4.6,1.2,5.5,2.2,0.189,0.332,3.1,3.7
744,03/06/23 05:45:00,0.410,4.5,0.202,4.6,1.2,5.5,2.1,0.189,0.332,3.1,3.7
745,03/06/23 05:50:00,0.410,4.5,0.202,4.8,1.2,5.5,2.1,0.189,0.332,3.1,3.7
746,03/06/23 05:55:00,0.410,4.5,0.202,4.8,1.2,5.5,2.1,0.189,0.332,3.1,3.6
747,03/06/23 06:00:00,0.410,4.5,0.202,4.6,1.2,5.5,2.1,0.189,0.332,3.1,3.7
748,03/06/23 06:05:00,0.410,4.5,0.202,4.8,1.2,5.5,2.2,0.189,0.332,3.1,3.7
749,03/06/23 06:10:00,0.410,4.5,0.202,4.8,1.2,5.5,2.1,0.189,0.332,3.1,3.7
750,03/06/23 06:15:00,0.410,4.5,0.202,4.6,1.2,5.5,2.1,0.189,0.332,3.1,3.7
751,03/06/23 06:20:00,0.410,4.5,0.202,4.6,1.2,5.5,2.1,0.189,0.332,3.1,3.7
752,03/06/23 06:25:00,0.410,4.5,0.202,4.6,1.2,5.5,2.1,0.189,0.332,3.1,3.7
753,03/06/23 06:30:00,0.410,4.5,0.202,4.6,1.2,5.5,2.1,0.189,0.332,3.1,3.7
754,03/06/23 06:35:00,0.410,4.5,0.202,4.6,1.2,5.5,2.2,0.189,0.332,3.1,3.7
755,03/06/23 06:40:00,0.410,4.5,0.202,4.6,1.2,5.5,2.1,0.189,0.332,3.1,3.7
756,03/06/23 06:45:00,0.410,4.5,0.202,4.6,1.2,5.5,2.1,0.189,0.332,3.1,3.7
757,03/06/23 06:50:00,0.410,4.5,0.202,4.6,1.2,5.5,2.1,0.189,0.332,3.1,3.7
758,03/06/23 06:55:00,0.410,4.5,0.202,4.6,1.2,5.5,2.1,0.189,0.332,3.1,3.7
759,03/06/23 07:00:00,0.410,4.5,0.202,4.8,1.2,5.5,2.1,0.189,0.332,3.1,3.7
760,03/06/23 07:05:00,0.410,4.5,0.202,4.6,1.2,5.5,2.1,0.189,0.332,3.1,3.7
761,03/06/23 07:10:00,0.410,4.5,0.202,4.8,1.2,5.5,2.1,0.189,0.332,3.1,3.7
762,03/06/23 07:15:00,0.410,4.5,0.202,4.6,1.2,5.5,2.2,0.189,0.332,3.1,3.7
763,03/06/23 07:20:00,0.410,4.5,0.202,4.8,1.2,5.3,2.1,0.189,0.332,3.1,3.7
764,03/06/23 07:25:00,0.410,4.5,0.202,4.6,1.2,5.5,2.1,0.189,0.332,3.1,3.7
765,03/06/23 07:30:00,0.410,4.5,0.202,4.6,1.2,5.5,2.1,0.189,0.332,3.1,3.7
766,03/06/23 07:35:00,0.410,4.5,0.202,4.6,1.2,5.5,2.1,0.189,0.332,3.1,3.7
767,03/06/23 07:40:00,0.410,4.5,0.202,4.6,1.2,5.5,2.1,0.189,0.332,3.1,3.7
768,03/06/23 07:45:00,0.410,4.5,0.202,4.6,1.2,5.3,2.1,0.189,0.332,3.1,3.7
769,03/06/23 07:50:00,0.410,4.5,0.202,4.6,1.2,5.5,2.1,0.189,0.332,3.1,3.7
770,03/06/23 07:55:00,0.410,4.5,0.202,4.6,1.2,5.5,2.2,0.189,0.332,3.1,3.7
771,03/06/23 08:00:00,0.410,4.5,0.202,4.6,1.2,5.5,2.1,0.189,0.332,3.1,3.7
772,03/06/23 08:05:00,0.410,4.5,0.202,4.6,1.2,5.3,2.1,0.189,0.332,3.1,3.7
773,03/06/23 08:10:00,0.410,4.5,0.202,4.6,1.2,5.5,2.1,0.189,0.332,3.1,3.7
774,03/06/23 08:15:00,0.410,4.5,0.202,4.8,1.2,5.5,2.1,0.189,0.332,3.1,3.7
775,03/06/23 08:20:00,0.410,4.5,0.202,4.6,1.2,5.5,2.1,0.189,0.332,3.1,3.7
776,03/06/23 08:25:00,0.410,4.5,0.202,4.6,1.3,5.5,2.1,0.189,0.332,3.1,3.7
777,03/06/23 08:30:00,0.410,4.5,0.202,4.6,1.2,5.5,2.1,0.189,0.332,3.1,3.7
778,03/06/23 08:35:00,0.410,4.5,0.202,4.8,1.2,5.5,2.1,0.189,0.332,3.1,3.6
779,03/06/23 08:40:00,0.410,4.5,0.202,4.6,1.2,5.3,2.1,0.189,0.332,3.1,3.7
780,03/06/23 08:45:00,0.410,4.5,0.202,4.6,1.2,5.5,2.1,0.189,0.332,3.1,3.7
781,03/06/23 08:50:00,0.410,4.5,0.202,4.6,1.2,5.5,2.2,0.189,0.332,3.1,3.7
782,03/06/23 08:55:00,0.410,4.5,0.202,4.6,1.2,5.5,2.1,0.189,0.332,3.0,3.7
783,03/06/23 09:00:00,0.410,4.5,0.202,4.6,1.2,5.5,2.1,0.189,0.332,3.1,3.7
784,03/06/23 09:05:00,0.410,4.5,0.202,4.6,1.2,5.3,2.1,0.189,0.332,3.1,3.7
785,03/06/23 09:10:00,0.410,4.5,0.202,4.6,1.2,5.5,2.1,0.189,0.332,3.1,3.7
786,03/06/23 09:15:00,0.410,4.5,0.202,4.6,1.2,5.5,2.1,0.189,0.332,3.1,3.7
787,03/06/23 09:20:00,0.410,4.5,0.202,4.8,1.2,5.5,2.1,0.189,0.332,3.1,3.7
788,03/06/23 09:25:00,0.410,4.5,0.202,4.6,1.2,5.5,2.1,0.189,0.332,3.1,3.7
789,03/06/23 09:30:00,0.410,4.5,0.202,4.8,1.2,5.3,2.1,0.189,0.332,3.1,3.7
790,03/06/23 09:35:00,0.410,4.5,0.202,4.6,1.2,5.3,2.2,0.189,0.332,3.1,3.7
791,03/06/23 09:40:00,0.410,4.5,0.202,4.6,1.2,5.5,2.2,0.189,0.332,3.1,3.7
792,03/06/23 09:45:00,0.410,4.5,0.202,4.6,1.2,5.5,2.2,0.189,0.332,3.1,3.7
793,03/06/23 09:50:00,0.410,4.5,0.202,4.6,1.2,5.5,2.1,0.189,0.332,3.1,3.7
794,03/06/23 09:55:00,0.410,4.5,0.202,4.6,1.2,5.5,2.1,0.189,0.332,3.1,3.6
795,03/06/23 10:00:00,0.410,4.5,0.202,4.8,1.2,5.5,2.1,0.189,0.332,3.1,3.7
796,03/06/23 10:05:00,0.410,4.5,0.202,4.6,1.2,5.3,2.1,0.189,0.332,3.1,3.7
797,03/06/23 10:10:00,0.410,4.5,0.202,4.6,1.2,5.5,2.1,0.189,0.332,3.1,3.7
798,03/06/23 10:15:00,0.410,4.5,0.202,4.8,1.2,5.5,2.2,0.189,0.332,3.1,3.7
799,03/06/23 10:20:00,0.410,4.5,0.202,4.6,1.2,5.5,2.2,0.189,0.332,3.1,3.7
800,03/06/23 10:25:00,0.410,4.5,0.202,4.6,1.2,5.3,2.1,0.189,0.332,3.1,3.7
801,03/06/23 10:30:00,0.410,4.5,0.202,4.8,1.2,5.5,2.1,0.189,0.332,3.1,3.7
802,03/06/23 10:35:00,0.410,4.5,0.202,4.6,1.2,5.5,2.1,0.189,0.332,3.1,3.7
803,03/06/23 10:40:00,0.410,4.5,0.202,4.6,1.2,5.5,2.1,0.189,0.332,3.1,3.7
804,03/06/23 10:45:00,0.410,4.5,0.202,4.6,1.2,5.5,2.2,0.189,0.332,3.1,3.6
805,03/06/23 10:50:00,0.410,4.5,0.202,4.6,1.2,5.5,2.1,0.189,0.332,3.1,3.7
806,03/06/23 10:55:00,0.410,4.5,0.202,4.6,1.2,5.5,2.2,0.189,0.332,3.1,3.7
807,03/06/23 11:00:00,0.410,4.5,0.202,4.8,1.2,5.5,2.1,0.189,0.332,3.1,3.7
808,03/06/23 11:05:00,0.410,4.5,0.202,4.6,1.2,5.3,2.1,0.189,0.332,3.1,3.7
809,03/06/23 11:10:00,0.410,4.5,0.202,4.6,1.2,5.5,2.1,0.189,0.332,3.1,3.7
810,03/06/23 11:15:00,0.410,4.5,0.202,4.6,1.2,5.5,2.1,0.189,0.332,3.1,3.7
811,03/06/23 11:20:00,0.410,4.5,0.202,4.6,1.2,5.5,2.1,0.189,0.332,3.1,3.7
812,03/06/23 11:25:00,0.410,4.5,0.202,4.6,1.2,5.3,2.1,0.189,0.332,3.1,3.7
813,03/06/23 11:30:00,0.410,4.5,0.202,4.6,1.2,5.3,2.1,0.189,0.332,3.1,3.7
814,03/06/23 11:35:00,0.410,4.5,0.202,4.6,1.2,5.3,2.2,0.189,0.332,3.1,3.6
815,03/06/23 11:40:00,0.410,4.5,0.202,4.6,1.2,5.3,2.1,0.189,0.332,3.1,3.7
816,03/06/23 11:45:00,0.410,4.5,0.202,4.8,1.2,5.3,2.1,0.189,0.332,3.1,3.7
817,03/06/23 11:50:00,0.410,4.5,0.202,4.6,1.3,5.5,2.1,0.189,0.332,3.1,3.7
818,03/06/23 11:55:00,0.410,4.5,0.202,4.6,1.2,5.5,2.1,0.189,0.332,3.1,3.6
819,03/06/23 12:00:00,0.410,4.5,0.202,4.6,1.2,5.3,2.1,0.189,0.332,3.1,3.7
820,03/06/23 12:05:00,0.410,4.5,0.202,4.6,1.2,5.5,2.1,0.189,0.332,3.1,3.7
821,03/06/23 12:10:00,0.410,4.5,0.202,4.8,1.2,5.3,2.1,0.189,0.332,3.1,3.7
822,03/06/23 12:15:00,0.410,4.5,0.202,4.8,1.2,5.5,2.1,0.189,0.332,3.1,3.7
823,03/06/23 12:20:00,0.410,4.5,0.202,4.6,1.3,5.5,2.1,0.189,0.332,3.1,3.7
824,03/06/23 12:25:00,0.410,4.5,0.202,4.6,1.2,5.5,2.2,0.189,0.332,3.1,3.7
825,03/06/23 12:30:00,0.410,4.5,0.202,4.6,1.2,5.5,2.2,0.189,0.332,3.1,3.7
826,03/06/23 12:35:00,0.410,4.5,0.202,4.6,1.2,5.5,2.1,0.189,0.332,3.1,3.7
827,03/06/23 12:40:00,0.410,4.5,0.202,4.6,1.2,5.5,2.1,0.189,0.332,3.1,3.7
828,03/06/23 12:45:00,0.410,4.5,0.202,4.6,1.2,5.5,2.1,0.189,0.332,3.1,3.7
829,03/06/23 12:50:00,0.410,4.5,0.202,4.6,1.2,5.5,2.1,0.189,0.332,3.1,3.6
830,03/06/23 12:55:00,0.410,4.5,0.202,4.6,1.2,5.3,2.2,0.189,0.332,3.1,3.6
831,03/06/23 13:00:00,0.410,4.5,0.202,4.6,1.2,5.5,2.1,0.189,0.332,3.1,3.7
832,03/06/23 13:05:00,0.410,4.5,0.202,4.6,1.2,5.3,2.1,0.189,0.332,3.1,3.7
833,03/06/23 13:10:00,0.410,4.5,0.202,4.6,1.2,5.5,2.1,0.189,0.332,3.1,3.7
834,03/06/23 13:15:00,0.410,4.5,0.202,4.6,1.2,5.5,2.1,0.189,0.332,3.1,3.7
835,03/06/23 13:20:00,0.410,4.5,0.202,4.8,1.3,5.5,2.1,0.189,0.332,3.1,3.7
836,03/06/23 13:25:00,0.410,4.5,0.202,4.6,1.2,5.5,2.1,0.189,0.332,3.1,3.7
837,03/06/23 13:30:00,0.410,4.5,0.202,4.6,1.2,5.5,2.1,0.189,0.332,3.1,3.7
838,03/06/23 13:35:00,0.410,4.5,0.202,4.6,1.2,5.5,2.1,0.189,0.332,3.1,3.6
839,03/06/23 13:40:00,0.410,4.5,0.202,4.6,1.2,5.5,2.1,0.189,0.332,3.1,3.7
840,03/06/23 13:45:00,0.410,4.5,0.202,4.6,1.2,5.5,2.1,0.189,0.332,3.1,3.7
841,03/06/23 13:50:00,0.410,4.5,0.202,4.6,1.2,5.5,2.1,0.189,0.332,3.1,3.7
842,03/06/23 13:55:00,0.410,4.5,0.202,4.6,1.2,5.5,2.1,0.189,0.332,3.1,3.7
843,03/06/23 14:00:00,0.410,4.5,0.202,4.6,1.2,5.3,2.1,0.189,0.332,3.1,3.7
844,03/06/23 14:05:00,0.410,4.5,0.202,4.6,1.2,5.5,2.1,0.189,0.332,3.1,3.7
845,03/06/23 14:10:00,0.410,4.5,0.202,4.6,1.2,5.3,2.1,0.189,0.332,3.1,3.7
846,03/06/23 14:15:00,0.410,4.5,0.202,4.6,1.2,5.5,2.1,0.189,0.332,3.1,3.7
847,03/06/23 14:20:00,0.410,4.5,0.202,4.6,1.2,5.5,2.1,0.189,0.332,3.1,3.7
848,03/06/23 14:25:00,0.410,4.5,0.202,4.6,1.2,5.3,2.1,0.189,0.332,3.1,3.7
849,03/06/23 14:30:00,0.410,4.5,0.202,4.6,1.2,5.5,2.1,0.189,0.332,3.1,3.6
850,03/06/23 14:35:00,0.410,4.5,0.202,4.8,1.2,5.5,2.1,0.189,0.332,3.1,3.6
851,03/06/23 14:40:00,0.410,4.5,0.202,4.6,1.2,5.3,2.1,0.189,0.332,3.1,3.7
852,03/06/23 14:45:00,0.410,4.5,0.202,4.6,1.2,5.3,2.1,0.189,0.332,3.1,3.6
853,03/06/23 14:50:00,0.410,4.5,0.202,4.6,1.2,5.5,2.1,0.189,0.332,3.1,3.7
854,03/06/23 14:55:00,0.410,4.5,0.202,4.6,1.2,5.5,2.1,0.189,0.332,3.1,3.7
855,03/06/23 15:00:00,0.410,4.5,0.202,4.8,1.2,5.5,2.1,0.189,0.332,3.1,3.7
856,03/06/23 15:05:00,0.410,4.5,0.202,4.6,1.2,5.5,2.1,0.189,0.332,3.1,3.7
857,03/06/23 15:10:00,0.410,4.5,0.202,4.6,1.2,5.3,2.1,0.189,0.332,3.1,3.7
858,03/06/23 15:15:00,0.410,4.5,0.202,4.6,1.2,5.5,2.1,0.189,0.332,3.1,3.7
859,03/06/23 15:20:00,0.410,4.5,0.202,4.6,1.2,5.5,2.1,0.189,0.332,3.1,3.7
860,03/06/23 15:25:00,0.410,4.5,0.202,4.6,1.2,5.5,2.1,0.189,0.332,3.1,3.7
861,03/06/23 15:30:00,0.410,4.5,0.202,4.6,1.2,5.5,2.2,0.189,0.332,3.1,3.6
862,03/06/23 15:35:00,0.410,4.5,0.202,4.6,1.2,5.3,2.1,0.189,0.332,3.1,3.7
863,03/06/23 15:40:00,0.410,4.5,0.202,4.6,1.2,5.5,2.1,0.189,0.332,3.1,3.7
864,03/06/23 15:45:00,0.410,4.5,0.202,4.6,1.2,5.3,2.1,0.189,0.332,3.1,3.7
865,03/06/23 15:50:00,0.410,4.5,0.202,4.6,1.2,5.5,2.1,0.189,0.332,3.1,3.7
866,03/06/23 15:55:00,0.410,4.5,0.202,4.6,1.2,5.3,2.1,0.189,0.332,3.0,3.7
867,03/06/23 16:00:00,0.410,4.5,0.202,4.6,1.2,5.3,2.1,0.189,0.332,3.1,3.7
868,03/06/23 16:05:00,0.410,4.5,0.202,4.6,1.2,5.5,2.1,0.189,0.332,3.1,3.6
869,03/06/23 16:10:00,0.410,4.5,0.202,4.6,1.2,5.5,2.2,0.189,0.332,3.1,3.7
870,03/06/23 16:15:00,0.410,4.5,0.202,4.8,1.2,5.3,2.2,0.189,0.332,3.1,3.7
871,03/06/23 16:20:00,0.410,4.5,0.202,4.6,1.2,5.3,2.1,0.189,0.332,3.1,3.7
872,03/06/23 16:25:00,0.410,4.5,0.202,4.6,1.2,5.3,2.1,0.189,0.332,3.1,3.7
873,03/06/23 16:30:00,0.410,4.5,0.202,4.6,1.2,5.3,2.1,0.189,0.332,3.1,3.7
874,03/06/23 16:35:00,0.410,4.5,0.202,4.6,1.2,5.5,2.1,0.189,0.332,3.1,3.6
875,03/06/23 16:40:00,0.410,4.5,0.202,4.6,1.2,5.3,2.1,0.189,0.332,3.1,3.7
876,03/06/23 16:45:00,0.410,4.5,0.202,4.6,1.2,5.3,2.1,0.189,0.332,3.1,3.6
877,03/06/23 16:50:00,0.410,4.5,0.202,4.6,1.2,5.5,2.1,0.189,0.332,3.0,3.7
878,03/06/23 16:55:00,0.410,4.5,0.202,4.6,1.2,5.5,2.1,0.189,0.332,3.1,3.6
879,03/06/23 17:00:00,0.410,4.5,0.202,4.6,1.2,5.3,2.1,0.189,0.332,3.1,3.7
880,03/06/23 17:05:00,0.410,4.5,0.202,4.6,1.2,5.5,2.1,0.189,0.332,3.0,3.7
881,03/06/23 17:10:00,0.410,4.5,0.202,4.6,1.2,5.5,2.2,0.189,0.332,3.1,3.7
882,03/06/23 17:15:00,0.410,4.5,0.203,4.6,1.2,5.3,2.1,0.189,0.332,3.1,3.7
883,03/06/23 17:20:00,0.410,4.5,0.202,4.6,1.2,5.3,2.1,0.189,0.332,3.1,3.7
884,03/06/23 17:25:00,0.410,4.5,0.202,4.6,1.2,5.5,2.1,0.189,0.332,3.1,3.7
885,03/06/23 17:30:00,0.410,4.5,0.202,4.6,1.2,5.5,2.2,0.189,0.332,3.1,3.7
886,03/06/23 17:35:00,0.410,4.5,0.202,4.6,1.2,5.3,2.1,0.189,0.332,3.1,3.7
887,03/06/23 17:40:00,0.410,4.5,0.203,4.6,1.2,5.3,2.1,0.189,0.332,3.1,3.7
888,03/06/23 17:45:00,0.410,4.5,0.202,4.6,1.2,5.3,2.1,0.189,0.332,3.1,3.7
889,03/06/23 17:50:00,0.410,4.5,0.202,4.6,1.2,5.3,2.1,0.189,0.332,3.1,3.7
890,03/06/23 17:55:00,0.410,4.5,0.202,4.6,1.2,5.5,2.1,0.189,0.332,3.1,3.7
891,03/06/23 18:00:00,0.410,4.5,0.203,4.6,1.2,5.5,2.2,0.189,0.332,3.1,3.7
892,03/06/23 18:05:00,0.410,4.5,0.202,4.6,1.2,5.3,2.1,0.189,0.332,3.0,3.6
893,03/06/23 18:10:00,0.410,4.5,0.202,4.6,1.2,5.5,2.1,0.189,0.332,3.1,3.7
894,03/06/23 18:15:00,0.410,4.5,0.202,4.6,1.2,5.5,2.1,0.189,0.332,3.1,3.7
895,03/06/23 18:20:00,0.410,4.5,0.202,4.6,1.2,5.3,2.1,0.189,0.332,3.1,3.7
896,03/06/23 18:25:00,0.410,4.5,0.203,4.6,1.2,5.3,2.1,0.189,0.332,3.0,3.7
897,03/06/23 18:30:00,0.410,4.5,0.202,4.6,1.2,5.3,2.1,0.189,0.332,3.1,3.7
898,03/06/23 18:35:00,0.410,4.5,0.202,4.6,1.2,5.3,2.1,0.189,0.332,3.1,3.6
899,03/06/23 18:40:00,0.410,4.5,0.203,4.6,1.2,5.3,2.1,0.189,0.332,3.1,3.7
900,03/06/23 18:45:00,0.410,4.5,0.202,4.6,1.2,5.3,2.1,0.189,0.332,3.1,3.6
901,03/06/23 18:50:00,0.410,4.5,0.203,4.6,1.2,5.5,2.1,0.189,0.332,3.0,3.7
902,03/06/23 18:55:00,0.410,4.5,0.203,4.6,1.2,5.3,2.1,0.189,0.332,3.1,3.7
903,03/06/23 19:00:00,0.410,4.5,0.202,4.6,1.2,5.3,2.1,0.189,0.332,3.1,3.6
904,03/06/23 19:05:00,0.410,4.5,0.202,4.6,1.2,5.3,2.1,0.189,0.332,3.1,3.6
905,03/06/23 19:10:00,0.410,4.5,0.203,4.6,1.2,5.3,2.1,0.189,0.332,3.0,3.7
906,03/06/23 19:15:00,0.410,4.5,0.202,4.6,1.2,5.5,2.1,0.189,0.332,3.0,3.7
907,03/06/23 19:20:00,0.410,4.5,0.203,4.6,1.2,5.3,2.1,0.189,0.332,3.1,3.7
908,03/06/23 19:25:00,0.410,4.5,0.203,4.6,1.2,5.3,2.1,0.189,0.332,3.1,3.7
909,03/06/23 19:30:00,0.410,4.5,0.203,4.6,1.2,5.3,2.1,0.189,0.332,3.1,3.7
910,03/06/23 19:35:00,0.410,4.5,0.203,4.6,1.2,5.3,2.1,0.189,0.332,3.1,3.7
911,03/06/23 19:40:00,0.410,4.5,0.203,4.6,1.2,5.3,2.1,0.189,0.332,3.1,3.7
912,03/06/23 19:45:00,0.410,4.5,0.203,4.6,1.2,5.3,2.1,0.189,0.332,3.1,3.6
913,03/06/23 19:50:00,0.410,4.5,0.203,4.6,1.2,5.5,2.1,0.189,0.332,3.1,3.7
914,03/06/23 19:55:00,0.410,4.5,0.203,4.6,1.2,5.3,2.1,0.189,0.332,3.0,3.7
915,03/06/23 20:00:00,0.410,4.5,0.203,4.6,1.2,5.3,2.1,0.189,0.332,3.1,3.7
916,03/06/23 20:05:00,0.410,4.5,0.203,4.6,1.2,5.3,2.1,0.190,0.332,3.0,3.7
917,03/06/23 20:10:00,0.410,4.5,0.203,4.6,1.2,5.5,2.1,0.189,0.332,3.1,3.7
918,03/06/23 20:15:00,0.410,4.5,0.203,4.6,1.2,5.3,2.1,0.189,0.332,3.1,3.7
919,03/06/23 20:20:00,0.410,4.5,0.203,4.6,1.2,5.3,2.1,0.190,0.332,3.1,3.7
920,03/06/23 20:25:00,0.410,4.5,0.203,4.6,1.2,5.3,2.1,0.190,0.332,3.1,3.7
921,03/06/23 20:30:00,0.410,4.5,0.203,4.6,1.2,5.3,2.1,0.190,0.332,3.1,3.7
922,03/06/23 20:35:00,0.410,4.5,0.203,4.6,1.2,5.3,2.1,0.189,0.332,3.1,3.7
923,03/06/23 20:40:00,0.410,4.5,0.203,4.6,1.2,5.5,2.1,0.190,0.332,3.0,3.6
924,03/06/23 20:45:00,0.410,4.5,0.203,4.6,1.2,5.3,2.1,0.190,0.332,3.1,3.7
925,03/06/23 20:50:00,0.410,4.5,0.203,4.6,1.2,5.3,2.1,0.190,0.332,3.1,3.7
926,03/06/23 20:55:00,0.410,4.5,0.203,4.6,1.2,5.3,2.2,0.190,0.332,3.1,3.6
927,03/06/23 21:00:00,0.410,4.5,0.203,4.6,1.2,5.3,2.1,0.190,0.332,3.0,3.7
928,03/06/23 21:05:00,0.410,4.5,0.203,4.6,1.2,5.3,2.1,0.190,0.332,3.1,3.7
929,03/06/23 21:10:00,0.410,4.5,0.203,4.6,1.2,5.3,2.1,0.190,0.332,3.1,3.7
930,03/06/23 21:15:00,0.410,4.5,0.203,4.6,1.2,5.3,2.1,0.190,0.332,3.1,3.6
931,03/06/23 21:20:00,0.410,4.5,0.203,4.6,1.2,5.3,2.1,0.189,0.332,3.1,3.7
932,03/06/23 21:25:00,0.410,4.5,0.203,4.6,1.2,5.3,2.1,0.189,0.332,3.1,3.7
933,03/06/23 21:30:00,0.410,4.5,0.203,4.6,1.2,5.3,2.1,0.190,0.332,3.1,3.7
934,03/06/23 21:35:00,0.410,4.5,0.203,4.6,1.2,5.3,2.1,0.190,0.332,3.1,3.7
935,03/06/23 21:40:00,0.410,4.5,0.203,4.6,1.2,5.3,2.1,0.190,0.332,3.1,3.7
936,03/06/23 21:45:00,0.410,4.5,0.203,4.6,1.2,5.3,2.1,0.190,0.332,3.1,3.7
937,03/06/23 21:50:00,0.410,4.5,0.203,4.6,1.2,5.5,2.1,0.190,0.332,3.0,3.6
938,03/06/23 21:55:00,0.410,4.5,0.203,4.6,1.2,5.3,2.1,0.190,0.332,3.1,3.7
939,03/06/23 22:00:00,0.410,4.5,0.203,4.6,1.2,5.3,2.1,0.190,0.332,3.1,3.6
940,03/06/23 22:05:00,0.410,4.5,0.203,4.6,1.2,5.5,2.1,0.190,0.332,3.1,3.7
941,03/06/23 22:10:00,0.410,4.5,0.203,4.6,1.2,5.3,2.1,0.190,0.332,3.1,3.7
942,03/06/23 22:15:00,0.410,4.5,0.203,4.6,1.2,5.3,2.1,0.190,0.332,3.1,3.6
943,03/06/23 22:20:00,0.410,4.5,0.203,4.6,1.2,5.3,2.1,0.190,0.332,3.1,3.7
944,03/06/23 22:25:00,0.410,4.5,0.203,4.6,1.2,5.5,2.1,0.190,0.332,3.1,3.6
945,03/06/23 22:30:00,0.410,4.5,0.203,4.6,1.2,5.3,2.1,0.190,0.332,3.0,3.6
946,03/06/23 22:35:00,0.410,4.5,0.203,4.6,1.2,5.3,2.1,0.190,0.332,3.1,3.7
947,03/06/23 22:40:00,0.410,4.5,0.203,4.6,1.2,5.3,2.1,0.190,0.332,3.1,3.7
948,03/06/23 22:45:00,0.410,4.5,0.203,4.6,1.2,5.5,2.2,0.190,0.332,3.0,3.6
949,03/06/23 22:50:00,0.410,4.5,0.203,4.6,1.2,5.3,2.1,0.190,0.332,3.1,3.6
950,03/06/23 22:55:00,0.410,4.5,0.203,4.6,1.2,5.3,2.1,0.190,0.332,3.1,3.7
951,03/06/23 23:00:00,0.410,4.5,0.203,4.6,1.2,5.3,2.1,0.190,0.332,3.1,3.7
952,03/06/23 23:05:00,0.410,4.5,0.203,4.6,1.2,5.3,2.1,0.190,0.332,3.1,3.7
953,03/06/23 23:10:00,0.410,4.5,0.203,4.6,1.2,5.3,2.1,0.190,0.332,3.1,3.6
954,03/06/23 23:15:00,0.410,4.5,0.203,4.6,1.2,5.3,2.1,0.190,0.332,3.1,3.7
955,03/06/23 23:20:00,0.410,4.5,0.203,4.6,1.2,5.3,2.2,0.190,0.332,3.0,3.7
956,03/06/23 23:25:00,0.410,4.5,0.203,4.6,1.2,5.3,2.1,0.190,0.332,3.1,3.7
957,03/06/23 23:30:00,0.410,4.5,0.203,4.6,1.2,5.3,2.1,0.190,0.332,3.1,3.7
958,03/06/23 23:35:00,0.410,4.5,0.203,4.6,1.2,5.3,2.1,0.190,0.332,3.1,3.7
959,03/06/23 23:40:00,0.410,4.5,0.203,4.6,1.2,5.3,2.1,0.190,0.332,3.1,3.7
960,03/06/23 23:45:00,0.410,4.5,0.203,4.6,1.2,5.3,2.1,0.190,0.332,3.1,3.6
961,03/06/23 23:50:00,0.410,4.5,0.203,4.6,1.2,5.3,2.1,0.190,0.332,3.1,3.6
962,03/06/23 23:55:00,0.410,4.5,0.203,4.6,1.2,5.3,2.1,0.190,0.332,3.1,3.7
963,03/07/23 00:00:00,0.410,4.5,0.203,4.6,1.2,5.3,2.1,0.190,0.332,3.0,3.6
964,03/07/23 00:05:00,0.410,4.5,0.203,4.6,1.2,5.3,2.1,0.190,0.332,3.1,3.7
965,03/07/23 00:10:00,0.410,4.5,0.203,4.6,1.2,5.3,2.1,0.190,0.332,3.1,3.7
966,03/07/23 00:15:00,0.412,4.5,0.203,4.6,1.2,5.3,2.1,0.190,0.332,3.1,3.7
967,03/07/23 00:20:00,0.410,4.5,0.203,4.6,1.2,5.3,2.1,0.190,0.332,3.1,3.7
968,03/07/23 00:25:00,0.412,4.5,0.203,4.6,1.2,5.3,2.1,0.190,0.332,3.1,3.6
969,03/07/23 00:30:00,0.412,4.5,0.203,4.6,1.2,5.3,2.1,0.190,0.332,3.1,3.6
970,03/07/23 00:35:00,0.412,4.5,0.203,4.6,1.2,5.3,2.1,0.190,0.332,3.0,3.7
971,03/07/23 00:40:00,0.412,4.5,0.203,4.6,1.2,5.3,2.1,0.190,0.332,3.1,3.7
972,03/07/23 00:45:00,0.412,4.5,0.203,4.6,1.2,5.3,2.1,0.190,0.332,3.1,3.6
973,03/07/23 00:50:00,0.412,4.5,0.203,4.6,1.2,5.5,2.1,0.190,0.332,3.1,3.6
974,03/07/23 00:55:00,0.412,4.5,0.203,4.6,1.2,5.3,2.1,0.190,0.332,3.0,3.7
975,03/07/23 01:00:00,0.412,4.5,0.203,4.6,1.2,5.3,2.1,0.190,0.332,3.1,3.7
976,03/07/23 01:05:00,0.412,4.5,0.203,4.6,1.2,5.3,2.1,0.190,0.332,3.1,3.7
977,03/07/23 01:10:00,0.412,4.5,0.203,4.6,1.2,5.5,2.1,0.190,0.332,3.1,3.7
978,03/07/23 01:15:00,0.412,4.5,0.203,4.6,1.2,5.3,2.1,0.189,0.332,3.1,3.7
979,03/07/23 01:20:00,0.412,4.5,0.203,4.6,1.2,5.3,2.1,0.189,0.332,3.1,3.6
980,03/07/23 01:25:00,0.412,4.5,0.203,4.6,1.2,5.3,2.1,0.189,0.332,3.1,3.7
981,03/07/23 01:30:00,0.412,4.5,0.203,4.6,1.2,5.3,2.1,0.189,0.332,3.1,3.6
982,03/07/23 01:35:00,0.412,4.5,0.203,4.6,1.2,5.5,2.1,0.189,0.332,3.1,3.7
983,03/07/23 01:40:00,0.412,4.5,0.203,4.6,1.2,5.3,2.1,0.189,0.332,3.1,3.6
984,03/07/23 01:45:00,0.412,4.5,0.203,4.6,1.2,5.3,2.1,0.189,0.332,3.1,3.7
985,03/07/23 01:50:00,0.412,4.5,0.203,4.6,1.2,5.3,2.1,0.189,0.332,3.0,3.6
986,03/07/23 01:55:00,0.412,4.5,0.203,4.6,1.2,5.3,2.1,0.189,0.332,3.1,3.6
987,03/07/23 02:00:00,0.412,4.5,0.203,4.6,1.2,5.3,2.1,0.189,0.332,3.1,3.6
988,03/07/23 02:05:00,0.412,4.5,0.203,4.6,1.2,5.3,2.1,0.189,0.332,3.1,3.6
989,03/07/23 02:10:00,0.412,4.5,0.203,4.6,1.2,5.3,2.1,0.189,0.332,3.0,3.6
990,03/07/23 02:15:00,0.412,4.5,0.203,4.6,1.2,5.3,2.1,0.189,0.332,3.1,3.6
991,03/07/23 02:20:00,0.412,4.5,0.203,4.6,1.2,5.3,2.1,0.189,0.332,3.1,3.7
992,03/07/23 02:25:00,0.412,4.5,0.203,4.6,1.2,5.3,2.1,0.189,0.332,3.1,3.6
993,03/07/23 02:30:00,0.412,4.5,0.203,4.6,1.2,5.3,2.1,0.189,0.332,3.1,3.7
994,03/07/23 02:35:00,0.412,4.5,0.203,4.6,1.2,5.3,2.1,0.189,0.332,3.1,3.7
995,03/07/23 02:40:00,0.412,4.5,0.203,4.6,1.2,5.3,2.1,0.189,0.332,3.1,3.6
996,03/07/23 02:45:00,0.412,4.5,0.203,4.6,1.2,5.3,2.1,0.189,0.332,3.1,3.7
997,03/07/23 02:50:00,0.412,4.5,0.203,4.6,1.2,5.3,2.1,0.189,0.332,3.1,3.6
998,03/07/23 02:55:00,0.412,4.5,0.203,4.6,1.2,5.3,2.1,0.189,0.332,3.0,3.6
999,03/07/23 03:00:00,0.412,4.5,0.203,4.6,1.2,5.3,2.1,0.189,0.332,3.1,3.6
1000,03/07/23 03:05:00,0.412,4.5,0.203,4.6,1.2,5.3,2.1,0.189,0.332,3.1,3.6
1001,03/07/23 03:10:00,0.412,4.5,0.203,4.6,1.2,5.3,2.1,0.189,0.332,3.1,3.6
1002,03/07/23 03:15:00,0.412,4.5,0.203,4.6,1.2,5.3,2.1,0.189,0.332,3.1,3.7
1003,03/07/23 03:20:00,0.412,4.5,0.203,4.6,1.2,5.3,2.1,0.189,0.332,3.0,3.7
1004,03/07/23 03:25:00,0.412,4.5,0.203,4.6,1.2,5.3,2.1,0.189,0.332,3.0,3.7
1005,03/07/23 03:30:00,0.412,4.5,0.203,4.6,1.2,5.3,2.1,0.189,0.332,3.0,3.7
1006,03/07/23 03:35:00,0.412,4.5,0.203,4.6,1.2,5.3,2.1,0.189,0.332,3.0,3.6
1007,03/07/23 03:40:00,0.412,4.5,0.203,4.6,1.2,5.3,2.1,0.189,0.332,3.1,3.6
1008,03/07/23 03:45:00,0.412,4.5,0.203,4.6,1.2,5.3,2.1,0.189,0.332,3.0,3.7
1009,03/07/23 03:50:00,0.412,4.5,0.203,4.6,1.2,5.3,2.1,0.189,0.332,3.1,3.7
1010,03/07/23 03:55:00,0.412,4.5,0.203,4.6,1.2,5.3,2.1,0.189,0.332,3.1,3.7
1011,03/07/23 04:00:00,0.412,4.5,0.203,4.6,1.2,5.3,2.1,0.189,0.332,3.1,3.7
1012,03/07/23 04:05:00,0.412,4.5,0.203,4.6,1.2,5.3,2.1,0.189,0.332,3.0,3.6
1013,03/07/23 04:10:00,0.412,4.5,0.203,4.6,1.2,5.3,2.1,0.189,0.332,3.1,3.7
1014,03/07/23 04:15:00,0.412,4.5,0.203,4.6,1.2,5.3,2.1,0.189,0.332,3.1,3.6
1015,03/07/23 04:20:00,0.412,4.5,0.203,4.6,1.2,5.3,2.1,0.189,0.332,3.1,3.6
1016,03/07/23 04:25:00,0.412,4.5,0.203,4.6,1.2,5.3,2.1,0.189,0.332,3.0,3.7
1017,03/07/23 04:30:00,0.412,4.5,0.203,4.6,1.2,5.3,2.1,0.189,0.332,3.1,3.7
1018,03/07/23 04:35:00,0.412,4.5,0.203,4.6,1.2,5.3,2.1,0.189,0.332,3.1,3.6
1019,03/07/23 04:40:00,0.412,4.5,0.203,4.6,1.2,5.3,2.1,0.189,0.332,3.1,3.6
1020,03/07/23 04:45:00,0.412,4.5,0.203,4.6,1.2,5.5,2.1,0.189,0.332,3.1,3.6
1021,03/07/23 04:50:00,0.412,4.5,0.203,4.6,1.2,5.5,2.1,0.189,0.332,3.0,3.7
1022,03/07/23 04:55:00,0.412,4.5,0.203,4.6,1.2,5.3,2.1,0.189,0.332,3.1,3.6
1023,03/07/23 05:00:00,0.412,4.5,0.203,4.6,1.2,5.3,2.1,0.189,0.332,3.1,3.6
1024,03/07/23 05:05:00,0.412,4.5,0.203,4.6,1.2,5.3,2.1,0.189,0.332,3.1,3.6
1025,03/07/23 05:10:00,0.412,4.5,0.203,4.6,1.2,5.3,2.1,0.189,0.332,3.0,3.6
1026,03/07/23 05:15:00,0.412,4.5,0.203,4.6,1.2,5.3,2.1,0.189,0.332,3.0,3.7
1027,03/07/23 05:20:00,0.412,4.5,0.203,4.6,1.2,5.3,2.1,0.189,0.332,3.1,3.7
1028,03/07/23 05:25:00,0.412,4.5,0.203,4.6,1.2,5.3,2.1,0.189,0.332,3.0,3.7
1029,03/07/23 05:30:00,0.412,4.5,0.203,4.6,1.2,5.3,2.1,0.189,0.332,3.1,3.7
1030,03/07/23 05:35:00,0.412,4.5,0.203,4.6,1.2,5.3,2.1,0.189,0.332,3.1,3.6
1031,03/07/23 05:40:00,0.412,4.5,0.203,4.6,1.2,5.3,2.1,0.189,0.332,3.0,3.6
1032,03/07/23 05:45:00,0.412,4.5,0.203,4.6,1.2,5.3,2.1,0.189,0.332,3.1,3.7
1033,03/07/23 05:50:00,0.412,4.5,0.203,4.6,1.2,5.3,2.2,0.189,0.332,3.0,3.6
1034,03/07/23 05:55:00,0.412,4.5,0.203,4.6,1.2,5.3,2.1,0.189,0.332,3.0,3.6
1035,03/07/23 06:00:00,0.412,4.5,0.203,4.6,1.2,5.5,2.1,0.189,0.332,3.0,3.7
1036,03/07/23 06:05:00,0.412,4.5,0.203,4.6,1.2,5.3,2.1,0.189,0.332,3.1,3.7
1037,03/07/23 06:10:00,0.412,4.5,0.203,4.6,1.2,5.3,2.1,0.189,0.332,3.1,3.7
1038,03/07/23 06:15:00,0.412,4.5,0.203,4.6,1.2,5.3,2.1,0.189,0.332,3.1,3.7
1039,03/07/23 06:20:00,0.412,4.5,0.203,4.6,1.2,5.3,2.1,0.189,0.332,3.1,3.7
1040,03/07/23 06:25:00,0.412,4.5,0.203,4.6,1.2,5.3,2.1,0.189,0.332,3.0,3.6
1041,03/07/23 06:30:00,0.412,4.5,0.203,4.6,1.2,5.3,2.1,0.189,0.332,3.1,3.7
1042,03/07/23 06:35:00,0.412,4.5,0.203,4.6,1.2,5.5,2.1,0.189,0.332,3.0,3.6
1043,03/07/23 06:40:00,0.412,4.5,0.203,4.6,1.2,5.3,2.1,0.189,0.332,3.1,3.7
1044,03/07/23 06:45:00,0.412,4.5,0.203,4.6,1.2,5.3,2.1,0.189,0.332,3.1,3.6
1045,03/07/23 06:50:00,0.412,4.5,0.203,4.6,1.2,5.3,2.1,0.189,0.332,3.0,3.6
1046,03/07/23 06:55:00,0.412,4.5,0.203,4.6,1.2,5.3,2.1,0.189,0.332,3.1,3.6
1047,03/07/23 07:00:00,0.412,4.5,0.203,4.6,1.2,5.5,2.1,0.189,0.332,3.1,3.6
1048,03/07/23 07:05:00,0.412,4.5,0.203,4.6,1.2,5.3,2.1,0.189,0.332,3.1,3.6
1049,03/07/23 07:10:00,0.412,4.5,0.203,4.6,1.2,5.3,2.1,0.189,0.332,3.1,3.7
1050,03/07/23 07:15:00,0.412,4.5,0.203,4.6,1.2,5.3,2.1,0.189,0.332,3.1,3.6
1051,03/07/23 07:20:00,0.412,4.5,0.203,4.6,1.2,5.3,2.1,0.189,0.332,3.0,3.7
1052,03/07/23 07:25:00,0.412,4.5,0.203,4.6,1.2,5.3,2.1,0.189,0.332,3.1,3.7
1053,03/07/23 07:30:00,0.412,4.5,0.203,4.6,1.2,5.3,2.1,0.189,0.332,3.1,3.6
1054,03/07/23 07:35:00,0.412,4.5,0.203,4.6,1.2,5.3,2.1,0.189,0.332,3.1,3.6
1055,03/07/23 07:40:00,0.412,4.5,0.203,4.6,1.2,5.3,2.1,0.189,0.332,3.1,3.7
1056,03/07/23 07:45:00,0.412,4.5,0.203,4.6,1.2,5.3,2.1,0.189,0.332,3.0,3.6
1057,03/07/23 07:50:00,0.412,4.5,0.203,4.6,1.2,5.3,2.1,0.189,0.332,3.1,3.7
1058,03/07/23 07:55:00,0.412,4.5,0.203,4.6,1.2,5.3,2.1,0.189,0.332,3.1,3.6
1059,03/07/23 08:00:00,0.412,4.5,0.203,4.6,1.2,5.3,2.1,0.189,0.332,3.0,3.6
1060,03/07/23 08:05:00,0.412,4.5,0.203,4.6,1.2,5.3,2.1,0.189,0.332,3.1,3.6
1061,03/07/23 08:10:00,0.412,4.5,0.203,4.6,1.2,5.3,2.1,0.189,0.332,3.0,3.7
1062,03/07/23 08:15:00,0.412,4.5,0.203,4.6,1.2,5.3,2.1,0.189,0.332,3.0,3.6
1063,03/07/23 08:20:00,0.412,4.5,0.203,4.6,1.2,5.3,2.1,0.189,0.332,3.1,3.6
1064,03/07/23 08:25:00,0.412,4.5,0.203,4.6,1.2,5.3,2.1,0.189,0.332,3.0,3.6
1065,03/07/23 08:30:00,0.412,4.5,0.203,4.6,1.2,5.3,2.1,0.189,0.332,3.0,3.6
1066,03/07/23 08:35:00,0.412,4.5,0.203,4.6,1.2,5.3,2.1,0.189,0.332,3.0,3.7
1067,03/07/23 08:40:00,0.412,4.5,0.203,4.6,1.2,5.3,2.2,0.189,0.332,3.0,3.6
1068,03/07/23 08:45:00,0.412,4.5,0.203,4.6,1.2,5.3,2.1,0.189,0.332,3.1,3.7
1069,03/07/23 08:50:00,0.412,4.5,0.203,4.6,1.2,5.3,2.1,0.189,0.332,3.0,3.6
1070,03/07/23 08:55:00,0.412,4.5,0.203,4.6,1.2,5.3,2.1,0.189,0.332,3.0,3.6
1071,03/07/23 09:00:00,0.412,4.5,0.203,4.6,1.2,5.3,2.1,0.189,0.332,3.0,3.6
1072,03/07/23 09:05:00,0.412,4.5,0.203,4.6,1.2,5.3,2.1,0.189,0.332,3.1,3.7
1073,03/07/23 09:10:00,0.412,4.5,0.203,4.6,1.2,5.3,2.1,0.189,0.332,3.1,3.7
1074,03/07/23 09:15:00,0.412,4.5,0.203,4.6,1.2,5.3,2.1,0.189,0.332,3.0,3.7
1075,03/07/23 09:20:00,0.412,4.5,0.203,4.6,1.2,5.3,2.1,0.189,0.332,3.0,3.6
1076,03/07/23 09:25:00,0.412,4.5,0.203,4.6,1.2,5.3,2.1,0.189,0.332,3.0,3.6
1077,03/07/23 09:30:00,0.412,4.5,0.203,4.6,1.2,5.3,2.1,0.189,0.332,3.1,3.6
1078,03/07/23 09:35:00,0.412,4.5,0.203,4.6,1.2,5.3,2.1,0.189,0.332,3.1,3.7
1079,03/07/23 09:40:00,0.412,4.5,0.203,4.6,1.2,5.3,2.1,0.189,0.332,3.1,3.7
1080,03/07/23 09:45:00,0.412,4.5,0.203,4.6,1.2,5.3,2.1,0.189,0.332,3.0,3.6
1081,03/07/23 09:50:00,0.412,4.5,0.203,4.6,1.2,5.3,2.1,0.189,0.332,3.0,3.6
1082,03/07/23 09:55:00,0.412,4.5,0.203,4.6,1.2,5.3,2.1,0.189,0.332,3.1,3.7
1083,03/07/23 10:00:00,0.412,4.5,0.203,4.6,1.2,5.3,2.1,0.189,0.332,3.1,3.6
1084,03/07/23 10:05:00,0.412,4.5,0.203,4.6,1.2,5.3,2.1,0.189,0.332,3.0,3.6
1085,03/07/23 10:10:00,0.412,4.5,0.203,4.6,1.2,5.3,2.1,0.189,0.332,3.0,3.6
1086,03/07/23 10:15:00,0.412,4.5,0.203,4.6,1.2,5.3,2.1,0.189,0.332,3.1,3.7
1087,03/07/23 10:20:00,0.412,4.5,0.203,4.6,1.2,5.3,2.1,0.189,0.332,3.0,3.7
1088,03/07/23 10:25:00,0.412,4.5,0.203,4.6,1.2,5.3,2.1,0.189,0.332,3.0,3.6
1089,03/07/23 10:30:00,0.412,4.5,0.203,4.6,1.2,5.3,2.1,0.189,0.332,3.0,3.6
1090,03/07/23 10:35:00,0.412,4.5,0.203,4.6,1.2,5.3,2.1,0.189,0.332,3.0,3.7
1091,03/07/23 10:40:00,0.412,4.5,0.203,4.6,1.2,5.3,2.1,0.189,0.332,3.0,3.6
1092,03/07/23 10:45:00,0.412,4.5,0.203,4.6,1.2,5.3,2.1,0.189,0.332,3.1,3.6
1093,03/07/23 10:50:00,0.412,4.5,0.203,4.6,1.2,5.3,2.1,0.189,0.332,3.1,3.6
1094,03/07/23 10:55:00,0.412,4.5,0.203,4.6,1.2,5.3,2.1,0.189,0.332,3.0,3.6
1095,03/07/23 11:00:00,0.412,4.5,0.203,4.6,1.2,5.3,2.1,0.189,0.332,3.1,3.6
1096,03/07/23 11:05:00,0.412,4.5,0.203,4.6,1.2,5.3,2.1,0.189,0.332,3.1,3.6
1097,03/07/23 11:10:00,0.412,4.5,0.203,4.6,1.2,5.3,2.1,0.189,0.332,3.1,3.6
1098,03/07/23 11:15:00,0.412,4.5,0.203,4.6,1.2,5.3,2.1,0.189,0.332,3.1,3.6
1099,03/07/23 11:20:00,0.412,4.5,0.203,4.6,1.2,5.3,2.1,0.189,0.332,3.1,3.7
1100,03/07/23 11:25:00,0.412,4.5,0.203,4.6,1.2,5.3,2.1,0.189,0.332,3.0,3.6
1101,03/07/23 11:30:00,0.412,4.5,0.203,4.6,1.2,5.3,2.1,0.189,0.332,3.1,3.6
1102,03/07/23 11:35:00,0.412,4.5,0.203,4.6,1.2,5.3,2.1,0.189,0.332,3.1,3.6
1103,03/07/23 11:40:00,0.412,4.5,0.203,4.6,1.2,5.3,2.1,0.189,0.332,3.0,3.7
1104,03/07/23 11:45:00,0.412,4.5,0.203,4.6,1.2,5.3,2.1,0.189,0.332,3.0,3.6
1105,03/07/23 11:50:00,0.412,4.5,0.203,4.6,1.2,5.3,2.1,0.189,0.332,3.1,3.6
1106,03/07/23 11:55:00,0.412,4.5,0.203,4.6,1.2,5.3,2.1,0.189,0.332,3.0,3.6
1107,03/07/23 12:00:00,0.412,4.5,0.203,4.6,1.2,5.3,2.1,0.189,0.332,3.0,3.7
1108,03/07/23 12:05:00,0.412,4.5,0.203,4.6,1.2,5.3,2.1,0.189,0.332,3.0,3.6
1109,03/07/23 12:10:00,0.412,4.5,0.203,4.6,1.2,5.3,2.1,0.189,0.332,3.0,3.6
1110,03/07/23 12:15:00,0.412,4.5,0.203,4.6,1.2,5.3,2.1,0.189,0.332,3.1,3.7
1111,03/07/23 12:20:00,0.412,4.5,0.203,4.6,1.2,5.3,2.1,0.189,0.332,3.0,3.6
1112,03/07/23 12:25:00,0.412,4.5,0.203,4.6,1.3,5.3,2.1,0.189,0.332,3.1,3.7
1113,03/07/23 12:30:00,0.412,4.5,0.203,4.6,1.2,5.3,2.1,0.189,0.332,3.1,3.6
1114,03/07/23 12:35:00,0.412,4.5,0.203,4.6,1.2,5.3,2.1,0.189,0.332,3.1,3.7
1115,03/07/23 12:40:00,0.412,4.5,0.203,4.5,1.2,5.3,2.1,0.189,0.332,3.0,3.6
1116,03/07/23 12:45:00,0.412,4.5,0.203,4.6,1.2,5.3,2.1,0.189,0.332,3.1,3.7
1117,03/07/23 12:50:00,0.412,4.5,0.203,4.6,1.2,5.3,2.1,0.189,0.332,3.0,3.7
1118,03/07/23 12:55:00,0.412,4.5,0.203,4.6,1.2,5.3,2.1,0.189,0.332,3.0,3.6
1119,03/07/23 13:00:00,0.412,4.5,0.203,4.6,1.2,5.3,2.1,0.189,0.332,3.0,3.6
1120,03/07/23 13:05:00,0.412,4.5,0.203,4.5,1.2,5.3,2.1,0.189,0.332,3.0,3.6
1121,03/07/23 13:10:00,0.412,4.5,0.203,4.6,1.2,5.3,2.1,0.189,0.332,3.0,3.7
1122,03/07/23 13:15:00,0.412,4.5,0.203,4.6,1.2,5.3,2.1,0.189,0.332,3.0,3.6
1123,03/07/23 13:20:00,0.412,4.5,0.203,4.6,1.2,5.3,2.1,0.189,0.332,3.0,3.6
1124,03/07/23 13:25:00,0.412,4.5,0.203,4.6,1.2,5.3,2.1,0.189,0.332,3.1,3.7
1125,03/07/23 13:30:00,0.412,4.5,0.203,4.6,1.2,5.3,2.1,0.189,0.332,3.0,3.6
1126,03/07/23 13:35:00,0.412,4.5,0.203,4.6,1.2,5.3,2.1,0.189,0.332,3.0,3.6
1127,03/07/23 13:40:00,0.412,4.5,0.203,4.5,1.2,5.3,2.1,0.189,0.332,3.1,3.6
1128,03/07/23 13:45:00,0.412,4.5,0.203,4.6,1.2,5.3,2.1,0.189,0.332,3.0,3.6
1129,03/07/23 13:50:00,0.412,4.5,0.203,4.6,1.2,5.3,2.1,0.189,0.332,3.1,3.6
1130,03/07/23 13:55:00,0.412,4.5,0.203,4.6,1.2,5.3,2.1,0.189,0.332,3.1,3.7
1131,03/07/23 14:00:00,0.412,4.5,0.203,4.5,1.2,5.3,2.1,0.189,0.332,3.0,3.6
1132,03/07/23 14:05:00,0.412,4.5,0.203,4.6,1.2,5.3,2.1,0.189,0.332,3.0,3.6
1133,03/07/23 14:10:00,0.412,4.5,0.203,4.6,1.2,5.3,2.1,0.189,0.332,3.0,3.6
1134,03/07/23 14:15:00,0.412,4.5,0.203,4.6,1.2,5.3,2.1,0.189,0.332,3.0,3.6
1135,03/07/23 14:20:00,0.412,4.5,0.203,4.6,1.2,5.3,2.1,0.189,0.332,3.0,3.7
1136,03/07/23 14:25:00,0.412,4.5,0.203,4.6,1.2,5.3,2.1,0.189,0.332,3.1,3.6
1137,03/07/23 14:30:00,0.412,4.5,0.203,4.5,1.2,5.3,2.1,0.189,0.332,3.0,3.7
1138,03/07/23 14:35:00,0.412,4.5,0.203,4.6,1.2,5.3,2.1,0.189,0.332,3.0,3.6
1139,03/07/23 14:40:00,0.412,4.5,0.203,4.6,1.2,5.3,2.1,0.189,0.332,3.0,3.6
1140,03/07/23 14:45:00,0.412,4.5,0.203,4.5,1.2,5.3,2.1,0.189,0.332,3.0,3.6
1141,03/07/23 14:50:00,0.412,4.5,0.203,4.6,1.2,5.3,2.1,0.189,0.332,3.1,3.7
1142,03/07/23 14:55:00,0.412,4.5,0.203,4.6,1.2,5.3,2.1,0.189,0.332,3.1,3.6
1143,03/07/23 15:00:00,0.412,4.5,0.203,4.6,1.2,5.3,2.1,0.189,0.332,3.0,3.6
1144,03/07/23 15:05:00,0.412,4.5,0.203,4.6,1.2,5.3,2.1,0.189,0.332,3.0,3.7
1145,03/07/23 15:10:00,0.412,4.5,0.203,4.6,1.2,5.3,2.1,0.189,0.332,3.1,3.7
1146,03/07/23 15:15:00,0.412,4.5,0.203,4.6,1.2,5.3,2.1,0.189,0.332,3.1,3.6
