date,dateutc,tempinf,humidityin,baromrelin,baromabsin,tempf,humidity,winddir,winddir_avg10m,windspeedmph,windspdmph_avg10m,windgustmph,maxdailygust,hourlyrainin,eventrainin,dailyrainin,weeklyrainin,monthlyrainin,yearlyrainin,solarradiation,uv,temp1f,humidity1,feelsLike,dewPoint,feelsLike1,dewPoint1,feelsLikein,dewPointin,lastRain,passkey,time,loc,pm25_in,pm25_in_24h,pm25,pm25_24h,lightning_day,batt_lightning,lightning_hour,soilhum3
2022-12-31 01:55:00,1672480500000,66.4,52,29.357,29.357,61.7,67.0,191.0,182.0,2.9,3.4,8.9,30.4,0.0,1.07,0.0,2.22,3.79,3.79,0.0,0.0,61.7,67,61.7,50.63,61.7,50.6,66.4,48.2,2022-12-31T01:32:00.000Z,4ff9378d7a1fcdb79df4ff0cc205611c,1672444800000.0,4ff9378d7a1fcdb79df4ff0cc205611c/daily/1672444800000.json,,,,,,,,
2022-12-31 02:00:00,1672480800000,66.4,52,29.357,29.357,61.9,68.0,151.0,182.0,12.8,3.8,19.5,30.4,0.0,1.07,0.0,2.22,3.79,3.79,0.0,0.0,61.7,67,61.9,51.22,61.7,50.6,66.4,48.2,2022-12-31T01:32:00.000Z,4ff9378d7a1fcdb79df4ff0cc205611c,1672444800000.0,4ff9378d7a1fcdb79df4ff0cc205611c/daily/1672444800000.json,,,,,,,,
2022-12-31 02:05:00,1672481100000,66.4,52,29.351,29.351,61.7,67.0,151.0,149.0,8.7,7.6,28.2,30.4,0.0,1.07,0.0,2.22,3.79,3.79,0.0,0.0,61.5,68,61.7,50.63,61.5,50.8,66.4,48.2,2022-12-31T01:32:00.000Z,4ff9378d7a1fcdb79df4ff0cc205611c,1672444800000.0,4ff9378d7a1fcdb79df4ff0cc205611c/daily/1672444800000.json,,,,,,,,
2022-12-31 02:10:00,1672481400000,66.2,52,29.336,29.336,61.5,68.0,160.0,153.0,11.6,10.3,23.5,30.4,0.0,1.07,0.0,2.22,3.79,3.79,0.0,0.0,61.3,69,61.5,50.84,61.3,51.0,66.2,48.0,2022-12-31T01:32:00.000Z,4ff9378d7a1fcdb79df4ff0cc205611c,1672444800000.0,4ff9378d7a1fcdb79df4ff0cc205611c/daily/1672444800000.json,,,,,,,,
2022-12-31 02:15:00,1672481700000,66.2,51,29.342,29.342,61.5,68.0,149.0,152.0,18.6,10.7,25.1,30.4,0.0,1.07,0.0,2.22,3.79,3.79,0.0,0.0,61.5,69,61.5,50.84,61.5,51.2,66.2,47.5,2022-12-31T01:32:00.000Z,4ff9378d7a1fcdb79df4ff0cc205611c,1672444800000.0,4ff9378d7a1fcdb79df4ff0cc205611c/daily/1672444800000.json,,,,,,,,
2022-12-31 02:20:00,1672482000000,66.2,52,29.336,29.336,61.7,67.0,168.0,152.0,4.7,14.1,27.1,30.6,0.0,1.07,0.0,2.22,3.79,3.79,0.0,0.0,61.5,68,61.7,50.63,61.5,50.8,66.2,48.0,2022-12-31T01:32:00.000Z,4ff9378d7a1fcdb79df4ff0cc205611c,1672444800000.0,4ff9378d7a1fcdb79df4ff0cc205611c/daily/1672444800000.json,,,,,,,,
2022-12-31 02:25:00,1672482300000,66.2,51,29.336,29.336,61.9,67.0,189.0,152.0,7.8,8.9,13.9,30.6,0.0,1.07,0.0,2.22,3.79,3.79,0.0,0.0,61.7,67,61.9,50.82,61.7,50.6,66.2,47.5,2022-12-31T01:32:00.000Z,4ff9378d7a1fcdb79df4ff0cc205611c,1672444800000.0,4ff9378d7a1fcdb79df4ff0cc205611c/daily/1672444800000.json,,,,,,,,
2022-12-31 02:30:00,1672482600000,66.2,52,29.345,29.345,60.8,71.0,143.0,152.0,8.3,7.8,11.9,30.6,0.0,1.07,0.0,2.22,3.79,3.79,0.0,0.0,61.5,69,60.8,51.33,61.5,51.2,66.2,48.0,2022-12-31T01:32:00.000Z,4ff9378d7a1fcdb79df4ff0cc205611c,1672444800000.0,4ff9378d7a1fcdb79df4ff0cc205611c/daily/1672444800000.json,,,,,,,,
2022-12-31 02:35:00,1672482900000,66.2,52,29.339,29.339,61.0,69.0,159.0,143.0,2.9,5.1,7.2,30.6,0.0,1.07,0.0,2.22,3.79,3.79,0.0,0.0,61.2,69,61.0,50.75,61.2,50.9,66.2,48.0,2022-12-31T01:32:00.000Z,4ff9378d7a1fcdb79df4ff0cc205611c,1672444800000.0,4ff9378d7a1fcdb79df4ff0cc205611c/daily/1672444800000.json,,,,,,,,
2022-12-31 02:40:00,1672483200000,66.2,52,29.342,29.342,60.3,72.0,120.0,120.0,3.1,2.9,4.9,30.6,0.0,1.07,0.0,2.22,3.79,3.79,0.0,0.0,61.2,69,60.3,51.23,61.2,50.9,66.2,48.0,2022-12-31T01:32:00.000Z,4ff9378d7a1fcdb79df4ff0cc205611c,1672444800000.0,4ff9378d7a1fcdb79df4ff0cc205611c/daily/1672444800000.json,,,,,,,,
2022-12-31 02:45:00,1672483500000,66.2,52,29.339,29.339,60.3,71.0,240.0,142.0,0.0,2.2,1.8,30.6,0.0,1.07,0.0,2.22,3.79,3.79,0.0,0.0,60.8,70,60.3,50.85,60.8,51.0,66.2,48.0,2022-12-31T01:32:00.000Z,4ff9378d7a1fcdb79df4ff0cc205611c,1672444800000.0,4ff9378d7a1fcdb79df4ff0cc205611c/daily/1672444800000.json,,,,,,,,
2022-12-31 02:50:00,1672483800000,66.2,52,29.348,29.348,58.6,77.0,142.0,193.0,0.0,0.0,1.8,30.6,0.0,1.07,0.0,2.22,3.79,3.79,0.0,0.0,60.6,71,58.6,51.41,60.6,51.1,66.2,48.0,2022-12-31T01:32:00.000Z,4ff9378d7a1fcdb79df4ff0cc205611c,1672444800000.0,4ff9378d7a1fcdb79df4ff0cc205611c/daily/1672444800000.json,,,,,,,,
2022-12-31 02:55:00,1672484100000,66.2,52,29.345,29.345,57.6,79.0,253.0,113.0,2.2,0.0,4.5,30.6,0.0,1.07,0.0,2.22,3.79,3.79,0.0,0.0,60.3,73,57.6,51.13,60.3,51.6,66.2,48.0,2022-12-31T01:32:00.000Z,4ff9378d7a1fcdb79df4ff0cc205611c,1672444800000.0,4ff9378d7a1fcdb79df4ff0cc205611c/daily/1672444800000.json,,,,,,,,
2022-12-31 03:00:00,1672484400000,66.2,52,29.345,29.345,58.3,78.0,62.0,93.0,3.8,1.3,4.7,30.6,0.0,1.07,0.0,2.22,3.79,3.79,0.0,0.0,60.1,73,58.3,51.47,60.1,51.4,66.2,48.0,2022-12-31T01:32:00.000Z,4ff9378d7a1fcdb79df4ff0cc205611c,1672444800000.0,4ff9378d7a1fcdb79df4ff0cc205611c/daily/1672444800000.json,,,,,,,,
2022-12-31 03:05:00,1672484700000,66.2,52,29.348,29.348,58.8,76.0,98.0,89.0,3.6,1.8,5.8,30.6,0.0,1.07,0.0,2.22,3.79,3.79,0.0,0.0,59.9,74,58.8,51.25,59.9,51.6,66.2,48.0,2022-12-31T01:32:00.000Z,4ff9378d7a1fcdb79df4ff0cc205611c,1672444800000.0,4ff9378d7a1fcdb79df4ff0cc205611c/daily/1672444800000.json,,,,,,,,
2022-12-31 03:10:00,1672485000000,66.0,52,29.348,29.348,59.5,75.0,199.0,207.0,2.5,2.0,7.4,30.6,0.0,1.07,0.0,2.22,3.79,3.79,0.0,0.0,59.9,74,59.5,51.57,59.9,51.6,66.0,47.9,2022-12-31T01:32:00.000Z,4ff9378d7a1fcdb79df4ff0cc205611c,1672444800000.0,4ff9378d7a1fcdb79df4ff0cc205611c/daily/1672444800000.json,,,,,,,,
2022-12-31 03:15:00,1672485300000,66.0,52,29.339,29.339,59.9,74.0,188.0,159.0,4.3,2.5,6.9,30.6,0.0,1.07,0.0,2.22,3.79,3.79,0.0,0.0,60.1,73,59.9,51.59,60.1,51.4,66.0,47.9,2022-12-31T01:32:00.000Z,4ff9378d7a1fcdb79df4ff0cc205611c,1672444800000.0,4ff9378d7a1fcdb79df4ff0cc205611c/daily/1672444800000.json,,,,,,,,
2022-12-31 03:20:00,1672485600000,66.0,52,29.33,29.33,59.7,75.0,142.0,205.0,0.0,3.1,6.5,30.6,0.0,1.07,0.0,2.22,3.79,3.79,0.0,0.0,60.1,74,59.7,51.76,60.1,51.8,66.0,47.9,2022-12-31T01:32:00.000Z,4ff9378d7a1fcdb79df4ff0cc205611c,1672444800000.0,4ff9378d7a1fcdb79df4ff0cc205611c/daily/1672444800000.json,,,,,,,,
2022-12-31 03:25:00,1672485900000,66.0,52,29.33,29.33,59.5,75.0,203.0,232.0,3.4,3.4,9.8,30.6,0.0,1.07,0.0,2.22,3.79,3.79,0.0,0.0,59.9,74,59.5,51.57,59.9,51.6,66.0,47.9,2022-12-31T01:32:00.000Z,4ff9378d7a1fcdb79df4ff0cc205611c,1672444800000.0,4ff9378d7a1fcdb79df4ff0cc205611c/daily/1672444800000.json,,,,,,,,
2022-12-31 03:30:00,1672486200000,66.0,52,29.318,29.318,59.7,74.0,177.0,224.0,2.9,4.3,7.8,30.6,0.0,1.07,0.0,2.22,3.79,3.79,0.0,0.0,60.1,74,59.7,51.4,60.1,51.8,66.0,47.9,2022-12-31T01:32:00.000Z,4ff9378d7a1fcdb79df4ff0cc205611c,1672444800000.0,4ff9378d7a1fcdb79df4ff0cc205611c/daily/1672444800000.json,,,,,,,,
2022-12-31 03:35:00,1672486500000,66.0,51,29.318,29.318,59.7,75.0,182.0,204.0,4.7,4.9,15.7,30.6,0.0,1.07,0.0,2.22,3.79,3.79,0.0,0.0,59.9,74,59.7,51.76,59.9,51.6,66.0,47.3,2022-12-31T01:32:00.000Z,4ff9378d7a1fcdb79df4ff0cc205611c,1672444800000.0,4ff9378d7a1fcdb79df4ff0cc205611c/daily/1672444800000.json,,,,,,,,
2022-12-31 03:40:00,1672486800000,65.8,51,29.315,29.315,59.4,76.0,228.0,205.0,4.9,4.9,11.4,30.6,0.0,1.07,0.0,2.22,3.79,3.79,0.0,0.0,59.7,75,59.4,51.83,59.7,51.8,65.8,47.2,2022-12-31T01:32:00.000Z,4ff9378d7a1fcdb79df4ff0cc205611c,1672444800000.0,4ff9378d7a1fcdb79df4ff0cc205611c/daily/1672444800000.json,,,,,,,,
2022-12-31 03:45:00,1672487100000,65.8,51,29.318,29.318,59.2,77.0,173.0,205.0,2.5,2.7,8.7,30.6,0.0,1.07,0.0,2.22,3.79,3.79,0.0,0.0,59.7,76,59.2,51.99,59.7,52.1,65.8,47.2,2022-12-31T01:32:00.000Z,4ff9378d7a1fcdb79df4ff0cc205611c,1672444800000.0,4ff9378d7a1fcdb79df4ff0cc205611c/daily/1672444800000.json,,,,,,,,
2022-12-31 03:50:00,1672487400000,65.8,51,29.318,29.318,59.4,77.0,161.0,167.0,4.5,3.6,10.7,30.6,0.0,1.07,0.0,2.22,3.79,3.79,0.0,0.0,59.5,76,59.4,52.19,59.5,51.9,65.8,47.2,2022-12-31T01:32:00.000Z,4ff9378d7a1fcdb79df4ff0cc205611c,1672444800000.0,4ff9378d7a1fcdb79df4ff0cc205611c/daily/1672444800000.json,,,,,,,,
2022-12-31 03:55:00,1672487700000,65.8,52,29.315,29.315,59.4,77.0,148.0,198.0,4.3,4.3,8.5,30.6,0.0,1.07,0.0,2.22,3.79,3.79,0.0,0.0,59.5,76,59.4,52.19,59.5,51.9,65.8,47.7,2022-12-31T01:32:00.000Z,4ff9378d7a1fcdb79df4ff0cc205611c,1672444800000.0,4ff9378d7a1fcdb79df4ff0cc205611c/daily/1672444800000.json,,,,,,,,
2022-12-31 04:00:00,1672488000000,65.8,52,29.315,29.315,59.2,77.0,204.0,170.0,4.7,4.3,10.5,30.6,0.0,1.07,0.0,2.22,3.79,3.79,0.0,0.0,59.5,77,59.2,51.99,59.5,52.3,65.8,47.7,2022-12-31T01:32:00.000Z,4ff9378d7a1fcdb79df4ff0cc205611c,1672444800000.0,4ff9378d7a1fcdb79df4ff0cc205611c/daily/1672444800000.json,,,,,,,,
2022-12-31 04:05:00,1672488300000,65.8,52,29.324,29.324,59.2,77.0,223.0,211.0,4.9,4.9,10.3,30.6,0.0,1.07,0.0,2.22,3.79,3.79,0.0,0.0,59.4,77,59.2,51.99,59.4,52.2,65.8,47.7,2022-12-31T01:32:00.000Z,4ff9378d7a1fcdb79df4ff0cc205611c,1672444800000.0,4ff9378d7a1fcdb79df4ff0cc205611c/daily/1672444800000.json,,,,,,,,
2022-12-31 04:10:00,1672488600000,65.8,52,29.33,29.33,59.4,77.0,183.0,214.0,4.7,5.4,11.0,30.6,0.0,1.07,0.0,2.22,3.79,3.79,0.0,0.0,59.4,77,59.4,52.19,59.4,52.2,65.8,47.7,2022-12-31T01:32:00.000Z,4ff9378d7a1fcdb79df4ff0cc205611c,1672444800000.0,4ff9378d7a1fcdb79df4ff0cc205611c/daily/1672444800000.json,,,,,,,,
2022-12-31 04:15:00,1672488900000,65.8,52,29.336,29.336,59.2,76.0,177.0,242.0,4.5,5.1,9.4,30.6,0.0,1.07,0.0,2.22,3.79,3.79,0.0,0.0,59.4,76,59.2,51.64,59.4,51.8,65.8,47.7,2022-12-31T01:32:00.000Z,4ff9378d7a1fcdb79df4ff0cc205611c,1672444800000.0,4ff9378d7a1fcdb79df4ff0cc205611c/daily/1672444800000.json,,,,,,,,
2022-12-31 04:20:00,1672489200000,65.8,52,29.336,29.336,59.4,76.0,213.0,213.0,2.0,4.5,7.2,30.6,0.0,1.07,0.0,2.22,3.79,3.79,0.0,0.0,59.4,76,59.4,51.83,59.4,51.8,65.8,47.7,2022-12-31T01:32:00.000Z,4ff9378d7a1fcdb79df4ff0cc205611c,1672444800000.0,4ff9378d7a1fcdb79df4ff0cc205611c/daily/1672444800000.json,,,,,,,,
2022-12-31 04:25:00,1672489500000,65.8,52,29.333,29.333,58.3,80.0,284.0,199.0,3.4,2.7,4.9,30.6,0.0,1.07,0.0,2.22,3.79,3.79,0.0,0.0,59.4,76,58.3,52.16,59.4,51.8,65.8,47.7,2022-12-31T01:32:00.000Z,4ff9378d7a1fcdb79df4ff0cc205611c,1672444800000.0,4ff9378d7a1fcdb79df4ff0cc205611c/daily/1672444800000.json,,,,,,,,
2022-12-31 04:30:00,1672489800000,65.8,52,29.33,29.33,57.9,80.0,283.0,267.0,4.0,2.2,6.0,30.6,0.0,1.07,0.0,2.22,3.79,3.79,0.0,0.0,59.2,77,57.9,51.77,59.2,52.0,65.8,47.7,2022-12-31T01:32:00.000Z,4ff9378d7a1fcdb79df4ff0cc205611c,1672444800000.0,4ff9378d7a1fcdb79df4ff0cc205611c/daily/1672444800000.json,,,,,,,,
2022-12-31 04:35:00,1672490100000,65.8,52,29.327,29.327,58.3,78.0,216.0,263.0,2.9,2.7,5.6,30.6,0.0,1.07,0.0,2.22,3.79,3.79,0.0,0.0,59.0,77,58.3,51.47,59.0,51.8,65.8,47.7,2022-12-31T01:32:00.000Z,4ff9378d7a1fcdb79df4ff0cc205611c,1672444800000.0,4ff9378d7a1fcdb79df4ff0cc205611c/daily/1672444800000.json,,,,,,,,
2022-12-31 04:40:00,1672490400000,65.7,52,29.333,29.333,57.4,81.0,223.0,262.0,3.1,2.9,5.8,30.6,0.0,1.07,0.0,2.22,3.79,3.79,0.0,0.0,58.8,78,57.4,51.62,58.8,52.0,65.7,47.6,2022-12-31T01:32:00.000Z,4ff9378d7a1fcdb79df4ff0cc205611c,1672444800000.0,4ff9378d7a1fcdb79df4ff0cc205611c/daily/1672444800000.json,,,,,,,,
2022-12-31 04:45:00,1672490700000,65.7,52,29.333,29.333,56.7,84.0,255.0,262.0,3.6,3.6,8.3,30.6,0.0,1.07,0.0,2.22,3.79,3.79,0.0,0.0,58.5,79,56.7,51.92,58.5,52.0,65.7,47.6,2022-12-31T01:32:00.000Z,4ff9378d7a1fcdb79df4ff0cc205611c,1672444800000.0,4ff9378d7a1fcdb79df4ff0cc205611c/daily/1672444800000.json,,,,,,,,
2022-12-31 04:50:00,1672491000000,65.7,52,29.342,29.342,57.9,81.0,303.0,296.0,3.1,4.7,9.8,30.6,0.0,1.07,0.0,2.22,3.79,3.79,0.0,0.0,58.5,80,57.9,52.1,58.5,52.4,65.7,47.6,2022-12-31T01:32:00.000Z,4ff9378d7a1fcdb79df4ff0cc205611c,1672444800000.0,4ff9378d7a1fcdb79df4ff0cc205611c/daily/1672444800000.json,,,,,,,,
2022-12-31 04:55:00,1672491300000,65.7,52,29.342,29.342,57.4,83.0,295.0,295.0,3.8,4.3,9.4,30.6,0.0,1.07,0.0,2.22,3.79,3.79,0.0,0.0,58.3,80,57.4,52.28,58.3,52.2,65.7,47.6,2022-12-31T01:32:00.000Z,4ff9378d7a1fcdb79df4ff0cc205611c,1672444800000.0,4ff9378d7a1fcdb79df4ff0cc205611c/daily/1672444800000.json,,,,,,,,
2022-12-31 05:00:00,1672491600000,65.7,51,29.339,29.339,56.8,83.0,306.0,300.0,6.3,4.0,8.1,30.6,0.02,1.08,0.0,2.23,3.79,3.79,0.0,0.0,58.1,82,56.8,51.69,58.1,52.6,65.7,47.1,2022-12-31T13:00:00.000Z,4ff9378d7a1fcdb79df4ff0cc205611c,1672444800000.0,4ff9378d7a1fcdb79df4ff0cc205611c/daily/1672444800000.json,,,,,,,,
2022-12-31 05:05:00,1672491900000,65.7,51,29.342,29.342,55.8,89.0,271.0,271.0,3.8,4.9,6.5,30.6,0.05,1.08,0.01,2.23,3.8,3.8,0.0,0.0,57.9,82,55.8,52.61,57.9,52.4,65.7,47.1,2022-12-31T13:05:00.000Z,4ff9378d7a1fcdb79df4ff0cc205611c,1672444800000.0,4ff9378d7a1fcdb79df4ff0cc205611c/daily/1672444800000.json,,,,,,,,
2022-12-31 05:10:00,1672492200000,65.7,52,29.345,29.345,55.4,90.0,251.0,278.0,2.7,4.7,4.7,30.6,0.05,1.09,0.01,2.24,3.8,3.8,0.0,0.0,57.6,85,55.4,52.51,57.6,53.1,65.7,47.6,2022-12-31T13:10:00.000Z,4ff9378d7a1fcdb79df4ff0cc205611c,1672444800000.0,4ff9378d7a1fcdb79df4ff0cc205611c/daily/1672444800000.json,,,,,,,,
2022-12-31 05:15:00,1672492500000,65.7,52,29.336,29.336,54.9,92.0,259.0,259.0,2.9,2.7,3.6,30.6,0.05,1.09,0.02,2.24,3.81,3.81,0.0,0.0,57.4,84,54.9,52.62,57.4,52.6,65.7,47.6,2022-12-31T13:15:00.000Z,4ff9378d7a1fcdb79df4ff0cc205611c,1672444800000.0,4ff9378d7a1fcdb79df4ff0cc205611c/daily/1672444800000.json,,,,,,,,
2022-12-31 05:20:00,1672492800000,65.7,52,29.345,29.345,54.7,93.0,286.0,251.0,3.1,2.5,4.0,30.6,0.02,1.09,0.02,2.24,3.81,3.81,0.0,0.0,57.4,85,54.7,52.72,57.4,52.9,65.7,47.6,2022-12-31T13:20:00.000Z,4ff9378d7a1fcdb79df4ff0cc205611c,1672444800000.0,4ff9378d7a1fcdb79df4ff0cc205611c/daily/1672444800000.json,,,,,,,,
2022-12-31 05:25:00,1672493100000,65.7,52,29.351,29.351,55.0,91.0,262.0,258.0,3.1,3.1,5.6,30.6,0.02,1.1,0.02,2.25,3.81,3.81,0.0,0.0,57.0,85,55.0,52.42,57.0,52.5,65.7,47.6,2022-12-31T13:25:00.000Z,4ff9378d7a1fcdb79df4ff0cc205611c,1672444800000.0,4ff9378d7a1fcdb79df4ff0cc205611c/daily/1672444800000.json,,,,,,,,
2022-12-31 05:30:00,1672493400000,65.7,52,29.342,29.342,54.5,93.0,203.0,207.0,2.0,2.2,3.1,30.6,0.05,1.1,0.03,2.25,3.82,3.82,0.0,0.0,56.8,87,54.5,52.52,56.8,53.0,65.7,47.6,2022-12-31T13:30:00.000Z,4ff9378d7a1fcdb79df4ff0cc205611c,1672444800000.0,4ff9378d7a1fcdb79df4ff0cc205611c/daily/1672444800000.json,,,,,,,,
2022-12-31 05:35:00,1672493700000,65.7,52,29.345,29.345,54.1,94.0,198.0,203.0,2.0,1.8,3.1,30.6,0.02,1.1,0.03,2.25,3.82,3.82,0.0,0.0,56.5,88,54.1,52.41,56.5,53.0,65.7,47.6,2022-12-31T13:35:00.000Z,4ff9378d7a1fcdb79df4ff0cc205611c,1672444800000.0,4ff9378d7a1fcdb79df4ff0cc205611c/daily/1672444800000.json,,,,,,,,
2022-12-31 05:40:00,1672494000000,65.7,52,29.342,29.342,54.5,93.0,250.0,225.0,2.0,1.6,2.7,30.6,0.05,1.11,0.04,2.26,3.83,3.83,0.0,0.0,56.3,88,54.5,52.52,56.3,52.8,65.7,47.6,2022-12-31T13:40:00.000Z,4ff9378d7a1fcdb79df4ff0cc205611c,1672444800000.0,4ff9378d7a1fcdb79df4ff0cc205611c/daily/1672444800000.json,,,,,,,,
2022-12-31 05:45:00,1672494300000,65.7,52,29.336,29.336,54.3,94.0,257.0,253.0,1.6,1.8,4.0,30.6,0.05,1.11,0.04,2.26,3.83,3.83,0.0,0.0,56.3,87,54.3,52.61,56.3,52.5,65.7,47.6,2022-12-31T13:45:00.000Z,4ff9378d7a1fcdb79df4ff0cc205611c,1672444800000.0,4ff9378d7a1fcdb79df4ff0cc205611c/daily/1672444800000.json,,,,,,,,
2022-12-31 05:50:00,1672494600000,65.7,52,29.33,29.33,54.3,94.0,195.0,244.0,1.6,1.8,2.7,30.6,0.05,1.12,0.04,2.27,3.83,3.83,0.0,0.0,56.3,88,54.3,52.61,56.3,52.8,65.7,47.6,2022-12-31T13:50:00.000Z,4ff9378d7a1fcdb79df4ff0cc205611c,1672444800000.0,4ff9378d7a1fcdb79df4ff0cc205611c/daily/1672444800000.json,,,,,,,,
2022-12-31 05:55:00,1672494900000,65.5,52,29.33,29.33,54.0,95.0,145.0,228.0,0.0,1.6,2.7,30.6,0.05,1.12,0.05,2.27,3.84,3.84,0.0,0.0,56.1,89,54.0,52.6,56.1,52.9,65.5,47.4,2022-12-31T13:55:00.000Z,4ff9378d7a1fcdb79df4ff0cc205611c,1672444800000.0,4ff9378d7a1fcdb79df4ff0cc205611c/daily/1672444800000.json,,,,,,,,
2022-12-31 06:00:00,1672495200000,65.5,52,29.327,29.327,53.8,95.0,240.0,240.0,0.0,1.3,1.1,30.6,0.05,1.13,0.05,2.28,3.84,3.84,0.0,0.0,56.1,88,53.8,52.4,56.1,52.6,65.5,47.4,2022-12-31T14:00:00.000Z,4ff9378d7a1fcdb79df4ff0cc205611c,1672444800000.0,4ff9378d7a1fcdb79df4ff0cc205611c/daily/1672444800000.json,,,,,,,,
2022-12-31 06:05:00,1672495500000,65.5,52,29.324,29.324,53.6,96.0,283.0,292.0,1.8,1.3,2.7,30.6,0.05,1.13,0.06,2.28,3.85,3.85,0.0,0.0,56.1,88,53.6,52.49,56.1,52.6,65.5,47.4,2022-12-31T14:05:00.000Z,4ff9378d7a1fcdb79df4ff0cc205611c,1672444800000.0,4ff9378d7a1fcdb79df4ff0cc205611c/daily/1672444800000.json,,,,,,,,
2022-12-31 06:10:00,1672495800000,65.5,52,29.327,29.327,53.4,96.0,199.0,283.0,1.1,1.8,3.4,30.6,0.05,1.13,0.06,2.28,3.85,3.85,0.0,0.0,55.9,88,53.4,52.29,55.9,52.4,65.5,47.4,2022-12-31T14:10:00.000Z,4ff9378d7a1fcdb79df4ff0cc205611c,1672444800000.0,4ff9378d7a1fcdb79df4ff0cc205611c/daily/1672444800000.json,,,,,,,,
2022-12-31 06:15:00,1672496100000,65.5,52,29.33,29.33,53.4,97.0,179.0,209.0,1.3,1.3,1.6,30.6,0.02,1.14,0.06,2.29,3.85,3.85,0.0,0.0,55.9,89,53.4,52.57,55.9,52.7,65.5,47.4,2022-12-31T14:15:00.000Z,4ff9378d7a1fcdb79df4ff0cc205611c,1672444800000.0,4ff9378d7a1fcdb79df4ff0cc205611c/daily/1672444800000.json,,,,,,,,
2022-12-31 06:20:00,1672496400000,65.5,52,29.33,29.33,53.6,95.0,257.0,262.0,3.4,1.3,5.4,30.6,0.05,1.15,0.07,2.29,3.86,3.86,0.0,0.0,55.9,89,53.6,52.2,55.9,52.7,65.5,47.4,2022-12-31T14:20:00.000Z,4ff9378d7a1fcdb79df4ff0cc205611c,1672444800000.0,4ff9378d7a1fcdb79df4ff0cc205611c/daily/1672444800000.json,,,,,,,,
2022-12-31 06:25:00,1672496700000,65.5,52,29.336,29.336,54.3,93.0,356.0,262.0,2.0,2.2,5.1,30.6,0.05,1.15,0.07,2.3,3.87,3.87,0.0,0.0,55.9,88,54.3,52.32,55.9,52.4,65.5,47.4,2022-12-31T14:25:00.000Z,4ff9378d7a1fcdb79df4ff0cc205611c,1672444800000.0,4ff9378d7a1fcdb79df4ff0cc205611c/daily/1672444800000.json,,,,,,,,
2022-12-31 06:30:00,1672497000000,65.5,52,29.342,29.342,54.1,95.0,186.0,278.0,1.6,2.0,3.4,30.6,0.05,1.15,0.08,2.3,3.87,3.87,0.0,0.0,55.9,89,54.1,52.7,55.9,52.7,65.5,47.4,2022-12-31T14:30:00.000Z,4ff9378d7a1fcdb79df4ff0cc205611c,1672444800000.0,4ff9378d7a1fcdb79df4ff0cc205611c/daily/1672444800000.json,,,,,,,,
2022-12-31 06:35:00,1672497300000,65.5,52,29.348,29.348,53.8,96.0,155.0,155.0,0.0,1.6,2.0,30.6,0.07,1.16,0.09,2.31,3.88,3.88,0.0,0.0,55.8,89,53.8,52.69,55.8,52.6,65.5,47.4,2022-12-31T14:35:00.000Z,4ff9378d7a1fcdb79df4ff0cc205611c,1672444800000.0,4ff9378d7a1fcdb79df4ff0cc205611c/daily/1672444800000.json,,,,,,,,
2022-12-31 06:40:00,1672497600000,65.5,52,29.345,29.345,53.4,96.0,264.0,261.0,3.6,0.0,4.0,30.6,0.09,1.17,0.09,2.32,3.89,3.89,0.0,0.0,55.8,89,53.4,52.29,55.8,52.6,65.5,47.4,2022-12-31T14:40:00.000Z,4ff9378d7a1fcdb79df4ff0cc205611c,1672444800000.0,4ff9378d7a1fcdb79df4ff0cc205611c/daily/1672444800000.json,,,,,,,,
2022-12-31 06:45:00,1672497900000,65.5,52,29.348,29.348,53.6,95.0,235.0,261.0,1.8,1.3,2.7,30.6,0.12,1.18,0.11,2.33,3.9,3.9,0.0,0.0,55.8,89,53.6,52.2,55.8,52.6,65.5,47.4,2022-12-31T14:45:00.000Z,4ff9378d7a1fcdb79df4ff0cc205611c,1672444800000.0,4ff9378d7a1fcdb79df4ff0cc205611c/daily/1672444800000.json,,,,,,,,
2022-12-31 06:50:00,1672498200000,65.5,52,29.368,29.368,53.8,95.0,185.0,232.0,1.1,1.1,1.8,30.6,0.12,1.19,0.11,2.34,3.91,3.91,0.0,0.0,55.6,89,53.8,52.4,55.6,52.4,65.5,47.4,2022-12-31T14:50:00.000Z,4ff9378d7a1fcdb79df4ff0cc205611c,1672444800000.0,4ff9378d7a1fcdb79df4ff0cc205611c/daily/1672444800000.json,,,,,,,,
2022-12-31 06:55:00,1672498500000,65.5,52,29.359,29.359,53.1,97.0,188.0,206.0,0.0,1.1,2.7,30.6,0.09,1.2,0.12,2.35,3.91,3.91,0.0,0.0,55.4,90,53.1,52.27,55.4,52.5,65.5,47.4,2022-12-31T14:55:00.000Z,4ff9378d7a1fcdb79df4ff0cc205611c,1672444800000.0,4ff9378d7a1fcdb79df4ff0cc205611c/daily/1672444800000.json,,,,,,,,
2022-12-31 07:00:00,1672498800000,65.5,52,29.362,29.362,52.9,98.0,224.0,183.0,1.6,0.0,2.2,30.6,0.09,1.21,0.13,2.36,3.92,3.92,0.0,0.0,55.2,90,52.9,52.35,55.2,52.3,65.5,47.4,2022-12-31T15:00:00.000Z,4ff9378d7a1fcdb79df4ff0cc205611c,1672444800000.0,4ff9378d7a1fcdb79df4ff0cc205611c/daily/1672444800000.json,,,,,,,,
2022-12-31 07:05:00,1672499100000,65.5,52,29.365,29.365,52.9,98.0,194.0,176.0,1.1,1.1,2.5,30.6,0.09,1.22,0.14,2.37,3.93,3.93,0.0,0.0,55.0,91,52.9,52.35,55.0,52.4,65.5,47.4,2022-12-31T15:05:00.000Z,4ff9378d7a1fcdb79df4ff0cc205611c,1672444800000.0,4ff9378d7a1fcdb79df4ff0cc205611c/daily/1672444800000.json,,,,,,,,
2022-12-31 07:10:00,1672499400000,65.5,52,29.374,29.374,53.1,96.0,220.0,212.0,2.9,1.3,5.6,30.6,0.09,1.23,0.15,2.38,3.94,3.94,0.0,0.0,54.9,92,53.1,51.99,54.9,52.6,65.5,47.4,2022-12-31T15:10:00.000Z,4ff9378d7a1fcdb79df4ff0cc205611c,1672444800000.0,4ff9378d7a1fcdb79df4ff0cc205611c/daily/1672444800000.json,,,,,,,,
2022-12-31 07:15:00,1672499700000,65.3,52,29.374,29.374,53.4,96.0,180.0,213.0,0.0,2.0,3.4,30.6,0.09,1.24,0.16,2.39,3.95,3.95,0.0,0.0,54.9,91,53.4,52.29,54.9,52.3,65.3,47.2,2022-12-31T15:15:00.000Z,4ff9378d7a1fcdb79df4ff0cc205611c,1672444800000.0,4ff9378d7a1fcdb79df4ff0cc205611c/daily/1672444800000.json,,,,,,,,
2022-12-31 07:20:00,1672500000000,65.5,52,29.371,29.371,53.1,97.0,284.0,209.0,2.0,1.3,2.7,30.6,0.09,1.24,0.17,2.39,3.96,3.96,0.08,0.0,55.0,91,53.1,52.27,55.0,52.4,65.5,47.4,2022-12-31T15:20:00.000Z,4ff9378d7a1fcdb79df4ff0cc205611c,1672444800000.0,4ff9378d7a1fcdb79df4ff0cc205611c/daily/1672444800000.json,,,,,,,,
2022-12-31 07:25:00,1672500300000,65.3,52,29.371,29.371,52.9,97.0,202.0,269.0,0.0,1.3,2.0,30.6,0.12,1.26,0.18,2.41,3.97,3.97,0.16,0.0,55.0,91,52.9,52.07,55.0,52.4,65.3,47.2,2022-12-31T15:25:00.000Z,4ff9378d7a1fcdb79df4ff0cc205611c,1672444800000.0,4ff9378d7a1fcdb79df4ff0cc205611c/daily/1672444800000.json,,,,,,,,
2022-12-31 07:30:00,1672500600000,65.3,52,29.377,29.377,52.7,97.0,216.0,232.0,1.6,1.1,3.1,30.6,0.09,1.26,0.19,2.41,3.98,3.98,0.32,0.0,54.9,91,52.7,51.87,54.9,52.3,65.3,47.2,2022-12-31T15:30:00.000Z,4ff9378d7a1fcdb79df4ff0cc205611c,1672444800000.0,4ff9378d7a1fcdb79df4ff0cc205611c/daily/1672444800000.json,,,,,,,,
2022-12-31 07:35:00,1672500900000,65.3,52,29.374,29.374,53.1,95.0,253.0,217.0,2.5,1.6,3.8,30.6,0.09,1.27,0.2,2.42,3.99,3.99,0.47,0.0,54.9,90,53.1,51.71,54.9,52.0,65.3,47.2,2022-12-31T15:35:00.000Z,4ff9378d7a1fcdb79df4ff0cc205611c,1672444800000.0,4ff9378d7a1fcdb79df4ff0cc205611c/daily/1672444800000.json,,,,,,,,
2022-12-31 07:40:00,1672501200000,65.3,52,29.377,29.377,52.9,95.0,202.0,203.0,2.0,2.0,3.6,30.6,0.09,1.28,0.2,2.43,4.0,4.0,0.71,0.0,54.9,90,52.9,51.51,54.9,52.0,65.3,47.2,2022-12-31T15:40:00.000Z,4ff9378d7a1fcdb79df4ff0cc205611c,1672444800000.0,4ff9378d7a1fcdb79df4ff0cc205611c/daily/1672444800000.json,,,,,,,,
2022-12-31 07:45:00,1672501500000,65.3,52,29.38,29.38,52.9,95.0,137.0,195.0,2.5,2.0,6.0,30.6,0.09,1.29,0.21,2.44,4.0,4.0,1.03,0.0,54.5,91,52.9,51.51,54.5,51.9,65.3,47.2,2022-12-31T15:45:00.000Z,4ff9378d7a1fcdb79df4ff0cc205611c,1672444800000.0,4ff9378d7a1fcdb79df4ff0cc205611c/daily/1672444800000.json,,,,,,,,
2022-12-31 07:50:00,1672501800000,65.3,52,29.377,29.377,52.7,96.0,191.0,196.0,1.1,1.8,3.4,30.6,0.09,1.3,0.22,2.45,4.02,4.02,1.34,0.0,54.3,91,52.7,51.59,54.3,51.7,65.3,47.2,2022-12-31T15:50:00.000Z,4ff9378d7a1fcdb79df4ff0cc205611c,1672444800000.0,4ff9378d7a1fcdb79df4ff0cc205611c/daily/1672444800000.json,,,,,,,,
2022-12-31 07:55:00,1672502100000,65.3,52,29.374,29.374,52.7,95.0,170.0,196.0,0.0,1.8,2.9,30.6,0.12,1.31,0.24,2.46,4.03,4.03,1.82,0.0,54.1,91,52.7,51.31,54.1,51.5,65.3,47.2,2022-12-31T15:55:00.000Z,4ff9378d7a1fcdb79df4ff0cc205611c,1672444800000.0,4ff9378d7a1fcdb79df4ff0cc205611c/daily/1672444800000.json,,,,,,,,
2022-12-31 08:00:00,1672502400000,65.3,52,29.371,29.371,52.5,95.0,268.0,210.0,1.1,1.6,3.8,30.6,0.12,1.32,0.25,2.47,4.04,4.04,2.21,0.0,54.1,91,52.5,51.11,54.1,51.5,65.3,47.2,2022-12-31T16:00:00.000Z,4ff9378d7a1fcdb79df4ff0cc205611c,1672444800000.0,4ff9378d7a1fcdb79df4ff0cc205611c/daily/1672444800000.json,,,,,,,,
2022-12-31 08:05:00,1672502700000,65.3,52,29.38,29.38,52.2,96.0,211.0,207.0,0.0,1.3,2.2,30.6,0.12,1.33,0.26,2.48,4.05,4.05,2.92,0.0,54.1,91,52.2,51.09,54.1,51.5,65.3,47.2,2022-12-31T16:05:00.000Z,4ff9378d7a1fcdb79df4ff0cc205611c,1672444800000.0,4ff9378d7a1fcdb79df4ff0cc205611c/daily/1672444800000.json,,,,,,,,
2022-12-31 08:10:00,1672503000000,65.3,52,29.377,29.377,52.2,97.0,190.0,205.0,1.1,1.3,2.0,30.6,0.14,1.35,0.27,2.5,4.06,4.06,3.55,0.0,54.1,91,52.2,51.37,54.1,51.5,65.3,47.2,2022-12-31T16:10:00.000Z,4ff9378d7a1fcdb79df4ff0cc205611c,1672444800000.0,4ff9378d7a1fcdb79df4ff0cc205611c/daily/1672444800000.json,,,,,,,,
2022-12-31 08:15:00,1672503300000,65.3,52,29.38,29.38,51.8,96.0,251.0,251.0,1.1,1.1,3.4,30.6,0.14,1.36,0.28,2.51,4.08,4.08,4.66,0.0,54.0,91,51.8,50.7,54.0,51.4,65.3,47.2,2022-12-31T16:15:00.000Z,4ff9378d7a1fcdb79df4ff0cc205611c,1672444800000.0,4ff9378d7a1fcdb79df4ff0cc205611c/daily/1672444800000.json,,,,,,,,
2022-12-31 08:20:00,1672503600000,65.3,52,29.38,29.38,52.3,94.0,301.0,288.0,1.8,2.0,7.4,30.6,0.12,1.37,0.29,2.52,4.08,4.08,5.37,0.0,54.0,90,52.3,50.62,54.0,51.1,65.3,47.2,2022-12-31T16:20:00.000Z,4ff9378d7a1fcdb79df4ff0cc205611c,1672444800000.0,4ff9378d7a1fcdb79df4ff0cc205611c/daily/1672444800000.json,,,,,,,,
2022-12-31 08:25:00,1672503900000,65.3,52,29.377,29.377,52.2,94.0,212.0,203.0,1.1,2.5,2.9,30.6,0.09,1.37,0.3,2.52,4.09,4.09,6.08,0.0,53.8,90,52.2,50.53,53.8,50.9,65.3,47.2,2022-12-31T16:25:00.000Z,4ff9378d7a1fcdb79df4ff0cc205611c,1672444800000.0,4ff9378d7a1fcdb79df4ff0cc205611c/daily/1672444800000.json,,,,,,,,
2022-12-31 08:30:00,1672504200000,65.3,52,29.38,29.38,52.2,93.0,241.0,212.0,2.0,2.0,3.8,30.6,0.14,1.39,0.32,2.54,4.11,4.11,7.5,0.0,53.8,90,52.2,50.24,53.8,50.9,65.3,47.2,2022-12-31T16:30:00.000Z,4ff9378d7a1fcdb79df4ff0cc205611c,1672444800000.0,4ff9378d7a1fcdb79df4ff0cc205611c/daily/1672444800000.json,,,,,,,,
2022-12-31 08:35:00,1672504500000,65.3,52,29.383,29.383,51.8,95.0,194.0,198.0,1.1,1.8,3.6,30.6,0.14,1.4,0.33,2.55,4.12,4.12,9.31,0.0,53.6,90,51.8,50.41,53.6,50.7,65.3,47.2,2022-12-31T16:35:00.000Z,4ff9378d7a1fcdb79df4ff0cc205611c,1672444800000.0,4ff9378d7a1fcdb79df4ff0cc205611c/daily/1672444800000.json,,,,,,,,
2022-12-31 08:40:00,1672504800000,65.1,52,29.383,29.383,51.8,94.0,45.0,203.0,0.0,1.6,4.0,30.6,0.12,1.41,0.34,2.56,4.13,4.13,9.71,0.0,53.4,90,51.8,50.13,53.4,50.5,65.1,47.0,2022-12-31T16:40:00.000Z,4ff9378d7a1fcdb79df4ff0cc205611c,1672444800000.0,4ff9378d7a1fcdb79df4ff0cc205611c/daily/1672444800000.json,,,,,,,,
2022-12-31 08:45:00,1672505100000,65.3,52,29.383,29.383,51.4,96.0,192.0,194.0,1.3,1.6,3.8,30.6,0.09,1.42,0.35,2.57,4.14,4.14,11.13,0.0,53.2,90,51.4,50.3,53.2,50.3,65.3,47.2,2022-12-31T16:45:00.000Z,4ff9378d7a1fcdb79df4ff0cc205611c,1672444800000.0,4ff9378d7a1fcdb79df4ff0cc205611c/daily/1672444800000.json,,,,,,,,
2022-12-31 08:50:00,1672505400000,65.1,52,29.38,29.38,51.3,96.0,213.0,166.0,1.6,1.8,2.7,30.6,0.07,1.43,0.35,2.58,4.14,4.14,12.94,0.0,53.1,91,51.3,50.2,53.1,50.5,65.1,47.0,2022-12-31T16:50:00.000Z,4ff9378d7a1fcdb79df4ff0cc205611c,1672444800000.0,4ff9378d7a1fcdb79df4ff0cc205611c/daily/1672444800000.json,,,,,,,,
2022-12-31 08:55:00,1672505700000,65.1,52,29.386,29.386,51.4,96.0,200.0,209.0,1.3,1.6,2.7,30.6,0.07,1.43,0.36,2.58,4.15,4.15,14.92,0.0,53.1,92,51.4,50.3,53.1,50.8,65.1,47.0,2022-12-31T16:55:00.000Z,4ff9378d7a1fcdb79df4ff0cc205611c,1672444800000.0,4ff9378d7a1fcdb79df4ff0cc205611c/daily/1672444800000.json,,,,,,,,
2022-12-31 09:00:00,1672506000000,65.1,52,29.38,29.38,51.3,96.0,209.0,200.0,1.3,1.3,2.9,30.6,0.05,1.43,0.36,2.58,4.15,4.15,14.36,0.0,53.1,92,51.3,50.2,53.1,50.8,65.1,47.0,2022-12-31T17:00:00.000Z,4ff9378d7a1fcdb79df4ff0cc205611c,1672444800000.0,4ff9378d7a1fcdb79df4ff0cc205611c/daily/1672444800000.json,,,,,,,,
2022-12-31 09:05:00,1672506300000,65.1,52,29.377,29.377,51.4,93.0,205.0,192.0,2.0,1.3,3.4,30.6,0.02,1.44,0.36,2.59,4.15,4.15,18.31,0.0,52.9,90,51.4,49.44,52.9,50.0,65.1,47.0,2022-12-31T17:05:00.000Z,4ff9378d7a1fcdb79df4ff0cc205611c,1672444800000.0,4ff9378d7a1fcdb79df4ff0cc205611c/daily/1672444800000.json,,,,,,,,
2022-12-31 09:10:00,1672506600000,65.1,52,29.377,29.377,51.3,95.0,148.0,195.0,0.0,1.3,2.0,30.6,0.05,1.44,0.37,2.59,4.16,4.16,26.12,0.0,52.9,90,51.3,49.92,52.9,50.0,65.1,47.0,2022-12-31T17:10:00.000Z,4ff9378d7a1fcdb79df4ff0cc205611c,1672444800000.0,4ff9378d7a1fcdb79df4ff0cc205611c/daily/1672444800000.json,,,,,,,,
2022-12-31 09:15:00,1672506900000,65.1,52,29.371,29.371,51.3,95.0,163.0,196.0,1.6,1.3,4.3,30.6,0.07,1.45,0.38,2.6,4.17,4.17,29.04,0.0,52.7,91,51.3,49.92,52.7,50.1,65.1,47.0,2022-12-31T17:15:00.000Z,4ff9378d7a1fcdb79df4ff0cc205611c,1672444800000.0,4ff9378d7a1fcdb79df4ff0cc205611c/daily/1672444800000.json,,,,,,,,
2022-12-31 09:20:00,1672507200000,65.1,52,29.371,29.371,51.3,96.0,150.0,195.0,1.6,1.8,5.1,30.6,0.07,1.46,0.38,2.61,4.17,4.17,33.78,0.0,52.5,92,51.3,50.2,52.5,50.2,65.1,47.0,2022-12-31T17:20:00.000Z,4ff9378d7a1fcdb79df4ff0cc205611c,1672444800000.0,4ff9378d7a1fcdb79df4ff0cc205611c/daily/1672444800000.json,,,,,,,,
2022-12-31 09:25:00,1672507500000,65.1,52,29.371,29.371,51.3,96.0,185.0,198.0,1.3,1.8,4.5,30.6,0.02,1.46,0.38,2.61,4.17,4.17,41.52,0.0,52.5,91,51.3,50.2,52.5,49.9,65.1,47.0,2022-12-31T17:25:00.000Z,4ff9378d7a1fcdb79df4ff0cc205611c,1672444800000.0,4ff9378d7a1fcdb79df4ff0cc205611c/daily/1672444800000.json,,,,,,,,
2022-12-31 09:30:00,1672507800000,65.1,52,29.377,29.377,51.3,96.0,196.0,190.0,2.0,2.0,3.4,30.6,0.02,1.46,0.39,2.61,4.18,4.18,42.07,0.0,52.3,92,51.3,50.2,52.3,50.0,65.1,47.0,2022-12-31T17:30:00.000Z,4ff9378d7a1fcdb79df4ff0cc205611c,1672444800000.0,4ff9378d7a1fcdb79df4ff0cc205611c/daily/1672444800000.json,,,,,,,,
2022-12-31 09:35:00,1672508100000,65.1,52,29.371,29.371,51.1,95.0,234.0,206.0,0.0,1.3,2.2,30.6,0.02,1.47,0.39,2.61,4.18,4.18,40.81,0.0,52.7,92,51.1,49.72,52.7,50.4,65.1,47.0,2022-12-31T17:35:00.000Z,4ff9378d7a1fcdb79df4ff0cc205611c,1672444800000.0,4ff9378d7a1fcdb79df4ff0cc205611c/daily/1672444800000.json,,,,,,,,
2022-12-31 09:40:00,1672508400000,65.1,52,29.368,29.368,51.3,94.0,275.0,213.0,1.3,1.1,2.9,30.6,0.05,1.47,0.39,2.62,4.18,4.18,38.75,0.0,52.7,90,51.3,49.63,52.7,49.8,65.1,47.0,2022-12-31T17:40:00.000Z,4ff9378d7a1fcdb79df4ff0cc205611c,1672444800000.0,4ff9378d7a1fcdb79df4ff0cc205611c/daily/1672444800000.json,,,,,,,,
2022-12-31 09:45:00,1672508700000,65.1,52,29.365,29.365,51.3,94.0,225.0,218.0,1.1,1.6,2.5,30.6,0.05,1.47,0.4,2.62,4.19,4.19,41.99,0.0,52.9,90,51.3,49.63,52.9,50.0,65.1,47.0,2022-12-31T17:45:00.000Z,4ff9378d7a1fcdb79df4ff0cc205611c,1672444800000.0,4ff9378d7a1fcdb79df4ff0cc205611c/daily/1672444800000.json,,,,,,,,
2022-12-31 09:50:00,1672509000000,64.9,52,29.368,29.368,51.3,91.0,213.0,243.0,1.8,1.6,2.9,30.6,0.02,1.47,0.4,2.62,4.19,4.19,43.57,0.0,52.9,89,51.3,48.76,52.9,49.7,64.9,46.8,2022-12-31T17:50:00.000Z,4ff9378d7a1fcdb79df4ff0cc205611c,1672444800000.0,4ff9378d7a1fcdb79df4ff0cc205611c/daily/1672444800000.json,,,,,,,,
2022-12-31 09:55:00,1672509300000,65.1,52,29.362,29.362,51.3,93.0,220.0,220.0,1.3,1.8,2.7,30.6,0.02,1.48,0.4,2.63,4.19,4.19,41.28,0.0,52.9,90,51.3,49.34,52.9,50.0,65.1,47.0,2022-12-31T17:55:00.000Z,4ff9378d7a1fcdb79df4ff0cc205611c,1672444800000.0,4ff9378d7a1fcdb79df4ff0cc205611c/daily/1672444800000.json,,,,,,,,
2022-12-31 10:00:00,1672509600000,64.9,52,29.359,29.359,51.3,94.0,174.0,220.0,0.0,1.1,2.0,30.6,0.02,1.48,0.4,2.63,4.19,4.19,41.04,0.0,52.9,90,51.3,49.63,52.9,50.0,64.9,46.8,2022-12-31T18:00:00.000Z,4ff9378d7a1fcdb79df4ff0cc205611c,1672444800000.0,4ff9378d7a1fcdb79df4ff0cc205611c/daily/1672444800000.json,,,,,,,,
2022-12-31 10:05:00,1672509900000,64.9,52,29.365,29.365,51.1,94.0,212.0,166.0,1.3,0.0,2.9,30.6,0.02,1.48,0.41,2.63,4.2,4.2,37.65,0.0,52.9,90,51.1,49.43,52.9,50.0,64.9,46.8,2022-12-31T18:05:00.000Z,4ff9378d7a1fcdb79df4ff0cc205611c,1672444800000.0,4ff9378d7a1fcdb79df4ff0cc205611c/daily/1672444800000.json,,,,,,,,
2022-12-31 10:10:00,1672510200000,64.9,52,29.368,29.368,51.1,93.0,179.0,206.0,0.0,1.1,3.6,30.6,0.02,1.48,0.41,2.63,4.2,4.2,34.1,0.0,52.7,90,51.1,49.15,52.7,49.8,64.9,46.8,2022-12-31T18:10:00.000Z,4ff9378d7a1fcdb79df4ff0cc205611c,1672444800000.0,4ff9378d7a1fcdb79df4ff0cc205611c/daily/1672444800000.json,,,,,,,,
2022-12-31 10:15:00,1672510500000,64.9,52,29.365,29.365,51.1,95.0,251.0,206.0,1.6,1.6,2.2,30.6,0.02,1.48,0.41,2.63,4.2,4.2,33.7,0.0,52.7,90,51.1,49.72,52.7,49.8,64.9,46.8,2022-12-31T18:15:00.000Z,4ff9378d7a1fcdb79df4ff0cc205611c,1672444800000.0,4ff9378d7a1fcdb79df4ff0cc205611c/daily/1672444800000.json,,,,,,,,
2022-12-31 10:20:00,1672510800000,64.9,52,29.359,29.359,51.1,94.0,323.0,322.0,1.1,0.0,1.8,30.6,0.02,1.49,0.41,2.64,4.21,4.21,35.91,0.0,52.9,90,51.1,49.43,52.9,50.0,64.9,46.8,2022-12-31T18:20:00.000Z,4ff9378d7a1fcdb79df4ff0cc205611c,1672444800000.0,4ff9378d7a1fcdb79df4ff0cc205611c/daily/1672444800000.json,,,,,,,,
2022-12-31 10:25:00,1672511100000,64.9,52,29.351,29.351,50.9,93.0,209.0,196.0,1.1,1.1,2.0,30.6,0.02,1.49,0.41,2.64,4.21,4.21,43.8,0.0,52.9,90,50.9,48.95,52.9,50.0,64.9,46.8,2022-12-31T18:25:00.000Z,4ff9378d7a1fcdb79df4ff0cc205611c,1672444800000.0,4ff9378d7a1fcdb79df4ff0cc205611c/daily/1672444800000.json,,,,,,,,
2022-12-31 10:30:00,1672511400000,64.9,52,29.357,29.357,51.3,91.0,206.0,205.0,3.6,1.1,4.0,30.6,0.02,1.49,0.42,2.64,4.21,4.21,51.46,0.0,52.7,88,51.3,48.76,52.7,49.2,64.9,46.8,2022-12-31T18:30:00.000Z,4ff9378d7a1fcdb79df4ff0cc205611c,1672444800000.0,4ff9378d7a1fcdb79df4ff0cc205611c/daily/1672444800000.json,,,,,,,,
2022-12-31 10:35:00,1672511700000,64.9,52,29.365,29.365,51.3,91.0,192.0,212.0,1.6,2.5,4.7,30.6,0.02,1.5,0.42,2.65,4.21,4.21,47.51,0.0,52.5,88,51.3,48.76,52.5,49.0,64.9,46.8,2022-12-31T18:35:00.000Z,4ff9378d7a1fcdb79df4ff0cc205611c,1672444800000.0,4ff9378d7a1fcdb79df4ff0cc205611c/daily/1672444800000.json,,,,,,,,
2022-12-31 10:40:00,1672512000000,64.9,52,29.368,29.368,51.3,93.0,177.0,212.0,1.1,2.5,3.4,30.6,0.02,1.5,0.42,2.65,4.22,4.22,43.65,0.0,52.3,89,51.3,49.34,52.3,49.2,64.9,46.8,2022-12-31T18:40:00.000Z,4ff9378d7a1fcdb79df4ff0cc205611c,1672444800000.0,4ff9378d7a1fcdb79df4ff0cc205611c/daily/1672444800000.json,,,,,,,,
2022-12-31 10:45:00,1672512300000,64.9,52,29.359,29.359,51.3,95.0,186.0,226.0,0.0,1.1,1.6,30.6,0.05,1.5,0.43,2.65,4.22,4.22,65.82,0.0,52.5,89,51.3,49.92,52.5,49.4,64.9,46.8,2022-12-31T18:45:00.000Z,4ff9378d7a1fcdb79df4ff0cc205611c,1672444800000.0,4ff9378d7a1fcdb79df4ff0cc205611c/daily/1672444800000.json,,,,,,,,
2022-12-31 10:50:00,1672512600000,64.9,52,29.357,29.357,51.1,96.0,193.0,193.0,0.0,0.0,2.0,30.6,0.07,1.51,0.44,2.66,4.23,4.23,48.46,0.0,52.7,91,51.1,50.0,52.7,50.1,64.9,46.8,2022-12-31T18:50:00.000Z,4ff9378d7a1fcdb79df4ff0cc205611c,1672444800000.0,4ff9378d7a1fcdb79df4ff0cc205611c/daily/1672444800000.json,,,,,,,,
2022-12-31 10:55:00,1672512900000,64.9,52,29.365,29.365,51.3,94.0,180.0,198.0,1.3,0.0,2.5,30.6,0.07,1.52,0.44,2.67,4.23,4.23,47.36,0.0,52.7,90,51.3,49.63,52.7,49.8,64.9,46.8,2022-12-31T18:55:00.000Z,4ff9378d7a1fcdb79df4ff0cc205611c,1672444800000.0,4ff9378d7a1fcdb79df4ff0cc205611c/daily/1672444800000.json,,,,,,,,
2022-12-31 11:00:00,1672513200000,64.9,52,29.371,29.371,51.3,92.0,216.0,204.0,0.0,1.3,2.5,30.6,0.05,1.52,0.45,2.67,4.24,4.24,54.7,0.0,52.7,89,51.3,49.06,52.7,49.5,64.9,46.8,2022-12-31T19:00:00.000Z,4ff9378d7a1fcdb79df4ff0cc205611c,1672444800000.0,4ff9378d7a1fcdb79df4ff0cc205611c/daily/1672444800000.json,,,,,,,,
2022-12-31 11:05:00,1672513500000,64.9,52,29.357,29.357,51.3,92.0,269.0,219.0,0.0,1.8,4.3,30.6,0.05,1.52,0.45,2.67,4.24,4.24,54.7,0.0,52.7,89,51.3,49.06,52.7,49.5,64.9,46.8,2022-12-31T19:05:00.000Z,4ff9378d7a1fcdb79df4ff0cc205611c,1672444800000.0,4ff9378d7a1fcdb79df4ff0cc205611c/daily/1672444800000.json,,,,,,,,
2022-12-31 11:10:00,1672513800000,64.9,52,29.354,29.354,51.1,93.0,205.0,157.0,0.0,0.0,2.0,30.6,0.07,1.53,0.46,2.68,4.25,4.25,52.33,0.0,52.9,90,51.1,49.15,52.9,50.0,64.9,46.8,2022-12-31T19:10:00.000Z,4ff9378d7a1fcdb79df4ff0cc205611c,1672444800000.0,4ff9378d7a1fcdb79df4ff0cc205611c/daily/1672444800000.json,,,,,,,,
2022-12-31 11:15:00,1672514100000,64.9,52,29.354,29.354,51.1,95.0,160.0,154.0,0.0,0.0,1.8,30.6,0.07,1.53,0.46,2.69,4.25,4.25,68.27,0.0,52.9,91,51.1,49.72,52.9,50.3,64.9,46.8,2022-12-31T19:15:00.000Z,4ff9378d7a1fcdb79df4ff0cc205611c,1672444800000.0,4ff9378d7a1fcdb79df4ff0cc205611c/daily/1672444800000.json,,,,,,,,
2022-12-31 11:20:00,1672514400000,64.9,52,29.357,29.357,51.3,95.0,185.0,179.0,0.0,0.0,1.3,30.6,0.05,1.54,0.47,2.69,4.26,4.26,89.42,0.0,52.9,91,51.3,49.92,52.9,50.3,64.9,46.8,2022-12-31T19:20:00.000Z,4ff9378d7a1fcdb79df4ff0cc205611c,1672444800000.0,4ff9378d7a1fcdb79df4ff0cc205611c/daily/1672444800000.json,,,,,,,,
2022-12-31 11:25:00,1672514700000,64.9,52,29.357,29.357,51.3,93.0,144.0,176.0,2.2,0.0,4.5,30.6,0.02,1.54,0.47,2.69,4.26,4.26,67.72,0.0,52.9,88,51.3,49.34,52.9,49.4,64.9,46.8,2022-12-31T19:25:00.000Z,4ff9378d7a1fcdb79df4ff0cc205611c,1672444800000.0,4ff9378d7a1fcdb79df4ff0cc205611c/daily/1672444800000.json,,,,,,,,
2022-12-31 11:30:00,1672515000000,64.9,52,29.348,29.348,51.3,92.0,126.0,135.0,1.6,1.3,3.1,30.6,0.02,1.54,0.47,2.69,4.26,4.26,83.11,0.0,52.7,88,51.3,49.06,52.7,49.2,64.9,46.8,2022-12-31T19:30:00.000Z,4ff9378d7a1fcdb79df4ff0cc205611c,1672444800000.0,4ff9378d7a1fcdb79df4ff0cc205611c/daily/1672444800000.json,,,,,,,,
2022-12-31 11:35:00,1672515300000,64.9,52,29.351,29.351,51.3,94.0,134.0,139.0,2.9,1.6,3.8,30.6,0.02,1.55,0.47,2.7,4.26,4.26,85.0,0.0,52.5,90,51.3,49.63,52.5,49.7,64.9,46.8,2022-12-31T19:35:00.000Z,4ff9378d7a1fcdb79df4ff0cc205611c,1672444800000.0,4ff9378d7a1fcdb79df4ff0cc205611c/daily/1672444800000.json,,,,,,,,
2022-12-31 11:40:00,1672515600000,64.9,52,29.348,29.348,51.3,96.0,257.0,134.0,1.8,1.6,2.5,30.6,0.02,1.55,0.48,2.7,4.27,4.27,81.77,0.0,52.5,91,51.3,50.2,52.5,49.9,64.9,46.8,2022-12-31T19:40:00.000Z,4ff9378d7a1fcdb79df4ff0cc205611c,1672444800000.0,4ff9378d7a1fcdb79df4ff0cc205611c/daily/1672444800000.json,,,,,,,,
2022-12-31 11:45:00,1672515900000,64.8,52,29.342,29.342,51.1,92.0,252.0,260.0,2.2,1.8,2.9,30.6,0.05,1.55,0.48,2.71,4.27,4.27,73.32,0.0,52.7,91,51.1,48.86,52.7,50.1,64.8,46.8,2022-12-31T19:45:00.000Z,4ff9378d7a1fcdb79df4ff0cc205611c,1672444800000.0,4ff9378d7a1fcdb79df4ff0cc205611c/daily/1672444800000.json,,,,,,,,
2022-12-31 11:50:00,1672516200000,64.8,52,29.342,29.342,51.3,92.0,213.0,206.0,0.0,1.8,4.5,30.6,0.05,1.56,0.48,2.71,4.28,4.28,89.19,0.0,52.7,89,51.3,49.06,52.7,49.5,64.8,46.8,2022-12-31T19:50:00.000Z,4ff9378d7a1fcdb79df4ff0cc205611c,1672444800000.0,4ff9378d7a1fcdb79df4ff0cc205611c/daily/1672444800000.json,,,,,,,,
2022-12-31 11:55:00,1672516500000,64.9,52,29.345,29.345,51.4,92.0,60.0,209.0,0.0,1.6,2.7,30.6,0.02,1.56,0.48,2.71,4.28,4.28,92.82,0.0,52.7,90,51.4,49.15,52.7,49.8,64.9,46.8,2022-12-31T19:55:00.000Z,4ff9378d7a1fcdb79df4ff0cc205611c,1672444800000.0,4ff9378d7a1fcdb79df4ff0cc205611c/daily/1672444800000.json,,,,,,,,
2022-12-31 12:00:00,1672516800000,64.8,52,29.33,29.33,51.6,93.0,126.0,128.0,1.8,0.0,2.9,30.6,0.05,1.57,0.49,2.72,4.28,4.28,104.03,0.0,52.9,90,51.6,49.64,52.9,50.0,64.8,46.8,2022-12-31T20:00:00.000Z,4ff9378d7a1fcdb79df4ff0cc205611c,1672444800000.0,4ff9378d7a1fcdb79df4ff0cc205611c/daily/1672444800000.json,,,,,,,,
2022-12-31 12:05:00,1672517100000,64.8,52,29.336,29.336,51.4,93.0,219.0,123.0,0.0,1.1,2.0,30.6,0.02,1.57,0.49,2.72,4.28,4.28,87.06,0.0,52.9,90,51.4,49.44,52.9,50.0,64.8,46.8,2022-12-31T20:05:00.000Z,4ff9378d7a1fcdb79df4ff0cc205611c,1672444800000.0,4ff9378d7a1fcdb79df4ff0cc205611c/daily/1672444800000.json,,,,,,,,
2022-12-31 12:10:00,1672517400000,64.8,52,29.327,29.327,51.4,95.0,160.0,154.0,0.0,1.1,1.8,30.6,0.02,1.57,0.5,2.72,4.29,4.29,92.66,0.0,52.9,90,51.4,50.02,52.9,50.0,64.8,46.8,2022-12-31T20:10:00.000Z,4ff9378d7a1fcdb79df4ff0cc205611c,1672444800000.0,4ff9378d7a1fcdb79df4ff0cc205611c/daily/1672444800000.json,,,,,,,,
2022-12-31 12:15:00,1672517700000,64.8,52,29.327,29.327,51.4,95.0,146.0,146.0,0.0,0.0,2.7,30.6,0.05,1.57,0.5,2.72,4.29,4.29,105.05,0.0,52.9,91,51.4,50.02,52.9,50.3,64.8,46.8,2022-12-31T20:15:00.000Z,4ff9378d7a1fcdb79df4ff0cc205611c,1672444800000.0,4ff9378d7a1fcdb79df4ff0cc205611c/daily/1672444800000.json,,,,,,,,
2022-12-31 12:20:00,1672518000000,64.8,52,29.327,29.327,51.6,93.0,183.0,131.0,1.1,0.0,2.2,30.6,0.02,1.57,0.5,2.72,4.29,4.29,102.6,0.0,52.7,90,51.6,49.64,52.7,49.8,64.8,46.8,2022-12-31T20:20:00.000Z,4ff9378d7a1fcdb79df4ff0cc205611c,1672444800000.0,4ff9378d7a1fcdb79df4ff0cc205611c/daily/1672444800000.json,,,,,,,,
2022-12-31 12:25:00,1672518300000,64.8,52,29.324,29.324,51.6,92.0,150.0,130.0,0.0,0.0,1.3,30.6,0.02,1.58,0.5,2.73,4.29,4.29,107.1,0.0,52.9,89,51.6,49.35,52.9,49.7,64.8,46.8,2022-12-31T20:25:00.000Z,4ff9378d7a1fcdb79df4ff0cc205611c,1672444800000.0,4ff9378d7a1fcdb79df4ff0cc205611c/daily/1672444800000.json,,,,,,,,
2022-12-31 12:30:00,1672518600000,64.8,52,29.318,29.318,51.6,93.0,152.0,129.0,0.0,0.0,2.2,30.6,0.02,1.58,0.5,2.73,4.29,4.29,90.61,0.0,53.1,90,51.6,49.64,53.1,50.2,64.8,46.8,2022-12-31T20:30:00.000Z,4ff9378d7a1fcdb79df4ff0cc205611c,1672444800000.0,4ff9378d7a1fcdb79df4ff0cc205611c/daily/1672444800000.json,,,,,,,,
2022-12-31 12:35:00,1672518900000,64.8,52,29.309,29.309,51.6,93.0,114.0,121.0,0.0,0.0,1.3,30.6,0.02,1.58,0.51,2.73,4.3,4.3,91.0,0.0,53.1,90,51.6,49.64,53.1,50.2,64.8,46.8,2022-12-31T20:35:00.000Z,4ff9378d7a1fcdb79df4ff0cc205611c,1672444800000.0,4ff9378d7a1fcdb79df4ff0cc205611c/daily/1672444800000.json,,,,,,,,
2022-12-31 12:40:00,1672519200000,64.8,52,29.312,29.312,51.8,93.0,124.0,123.0,1.3,0.0,2.2,30.6,0.02,1.58,0.51,2.73,4.3,4.3,88.4,0.0,53.1,90,51.8,49.84,53.1,50.2,64.8,46.8,2022-12-31T20:40:00.000Z,4ff9378d7a1fcdb79df4ff0cc205611c,1672444800000.0,4ff9378d7a1fcdb79df4ff0cc205611c/daily/1672444800000.json,,,,,,,,
2022-12-31 12:45:00,1672519500000,64.8,52,29.312,29.312,51.8,91.0,73.0,115.0,1.1,1.3,4.3,30.6,0.02,1.59,0.51,2.74,4.3,4.3,85.32,0.0,52.9,87,51.8,49.26,52.9,49.1,64.8,46.8,2022-12-31T20:45:00.000Z,4ff9378d7a1fcdb79df4ff0cc205611c,1672444800000.0,4ff9378d7a1fcdb79df4ff0cc205611c/daily/1672444800000.json,,,,,,,,
2022-12-31 12:50:00,1672519800000,64.8,52,29.309,29.309,51.4,92.0,67.0,67.0,4.0,2.2,4.7,30.6,0.02,1.59,0.51,2.74,4.3,4.3,79.48,0.0,52.9,88,51.4,49.15,52.9,49.4,64.8,46.8,2022-12-31T20:50:00.000Z,4ff9378d7a1fcdb79df4ff0cc205611c,1672444800000.0,4ff9378d7a1fcdb79df4ff0cc205611c/daily/1672444800000.json,,,,,,,,
2022-12-31 12:55:00,1672520100000,64.8,52,29.306,29.306,51.4,93.0,110.0,51.0,0.0,2.2,4.3,30.6,0.02,1.59,0.52,2.74,4.31,4.31,82.79,0.0,52.7,88,51.4,49.44,52.7,49.2,64.8,46.8,2022-12-31T20:55:00.000Z,4ff9378d7a1fcdb79df4ff0cc205611c,1672444800000.0,4ff9378d7a1fcdb79df4ff0cc205611c/daily/1672444800000.json,,,,,,,,
2022-12-31 13:00:00,1672520400000,64.8,52,29.297,29.297,51.4,94.0,119.0,112.0,0.0,1.3,1.6,30.6,0.02,1.59,0.52,2.74,4.31,4.31,45.07,0.0,52.9,89,51.4,49.73,52.9,49.7,64.8,46.8,2022-12-31T21:00:00.000Z,4ff9378d7a1fcdb79df4ff0cc205611c,1672444800000.0,4ff9378d7a1fcdb79df4ff0cc205611c/daily/1672444800000.json,,,,,,,,
2022-12-31 13:05:00,1672520700000,64.8,52,29.312,29.312,51.4,92.0,269.0,135.0,0.0,0.0,1.1,30.6,0.02,1.59,0.52,2.74,4.31,4.31,37.1,0.0,52.9,89,51.4,49.15,52.9,49.7,64.8,46.8,2022-12-31T21:05:00.000Z,4ff9378d7a1fcdb79df4ff0cc205611c,1672444800000.0,4ff9378d7a1fcdb79df4ff0cc205611c/daily/1672444800000.json,,,,,,,,
2022-12-31 13:10:00,1672521000000,64.8,52,29.303,29.303,51.3,95.0,147.0,147.0,0.0,0.0,1.3,30.6,0.05,1.6,0.52,2.75,4.32,4.32,45.46,0.0,52.9,90,51.3,49.92,52.9,50.0,64.8,46.8,2022-12-31T21:10:00.000Z,4ff9378d7a1fcdb79df4ff0cc205611c,1672444800000.0,4ff9378d7a1fcdb79df4ff0cc205611c/daily/1672444800000.json,,,,,,,,
2022-12-31 13:15:00,1672521300000,64.8,52,29.297,29.297,51.1,95.0,328.0,154.0,1.3,0.0,2.2,30.6,0.05,1.6,0.53,2.75,4.32,4.32,38.67,0.0,52.9,90,51.1,49.72,52.9,50.0,64.8,46.8,2022-12-31T21:15:00.000Z,4ff9378d7a1fcdb79df4ff0cc205611c,1672444800000.0,4ff9378d7a1fcdb79df4ff0cc205611c/daily/1672444800000.json,,,,,,,,
2022-12-31 13:20:00,1672521600000,64.8,52,29.303,29.303,51.1,93.0,124.0,154.0,0.0,0.0,1.3,30.6,0.02,1.6,0.53,2.75,4.32,4.32,43.41,0.0,52.7,89,51.1,49.15,52.7,49.5,64.8,46.8,2022-12-31T21:20:00.000Z,4ff9378d7a1fcdb79df4ff0cc205611c,1672444800000.0,4ff9378d7a1fcdb79df4ff0cc205611c/daily/1672444800000.json,,,,,,,,
2022-12-31 13:25:00,1672521900000,64.8,52,29.292,29.292,51.1,96.0,145.0,127.0,0.0,0.0,1.6,30.6,0.02,1.61,0.53,2.76,4.32,4.32,52.01,0.0,52.7,91,51.1,50.0,52.7,50.1,64.8,46.8,2022-12-31T21:25:00.000Z,4ff9378d7a1fcdb79df4ff0cc205611c,1672444800000.0,4ff9378d7a1fcdb79df4ff0cc205611c/daily/1672444800000.json,,,,,,,,
2022-12-31 13:30:00,1672522200000,64.8,52,29.303,29.303,51.3,96.0,143.0,160.0,1.3,0.0,2.0,30.6,0.02,1.61,0.54,2.76,4.33,4.33,51.62,0.0,52.5,92,51.3,50.2,52.5,50.2,64.8,46.8,2022-12-31T21:30:00.000Z,4ff9378d7a1fcdb79df4ff0cc205611c,1672444800000.0,4ff9378d7a1fcdb79df4ff0cc205611c/daily/1672444800000.json,,,,,,,,
2022-12-31 13:35:00,1672522500000,64.8,52,29.303,29.303,51.4,90.0,315.0,265.0,1.3,1.6,4.5,30.6,0.02,1.61,0.54,2.76,4.33,4.33,51.3,0.0,52.7,90,51.4,48.57,52.7,49.8,64.8,46.8,2022-12-31T21:35:00.000Z,4ff9378d7a1fcdb79df4ff0cc205611c,1672444800000.0,4ff9378d7a1fcdb79df4ff0cc205611c/daily/1672444800000.json,,,,,,,,
2022-12-31 13:40:00,1672522800000,64.8,52,29.3,29.3,51.6,90.0,241.0,258.0,4.0,2.7,6.3,30.6,0.0,1.61,0.54,2.76,4.33,4.33,44.67,0.0,52.7,89,51.6,48.76,52.7,49.5,64.8,46.8,2022-12-31T21:38:00.000Z,4ff9378d7a1fcdb79df4ff0cc205611c,1672444800000.0,4ff9378d7a1fcdb79df4ff0cc205611c/daily/1672444800000.json,,,,,,,,
2022-12-31 13:45:00,1672523100000,64.8,52,29.295,29.295,51.4,91.0,135.0,285.0,0.0,2.0,1.3,30.6,0.02,1.61,0.54,2.76,4.33,4.33,57.54,0.0,52.7,89,51.4,48.86,52.7,49.5,64.8,46.8,2022-12-31T21:45:00.000Z,4ff9378d7a1fcdb79df4ff0cc205611c,1672444800000.0,4ff9378d7a1fcdb79df4ff0cc205611c/daily/1672444800000.json,,,,,,,,
2022-12-31 13:50:00,1672523400000,64.8,52,29.292,29.292,51.3,95.0,236.0,236.0,1.3,0.0,2.9,30.6,0.02,1.62,0.54,2.77,4.33,4.33,54.7,0.0,52.7,91,51.3,49.92,52.7,50.1,64.8,46.8,2022-12-31T21:50:00.000Z,4ff9378d7a1fcdb79df4ff0cc205611c,1672444800000.0,4ff9378d7a1fcdb79df4ff0cc205611c/daily/1672444800000.json,,,,,,,,
2022-12-31 13:55:00,1672523700000,64.8,52,29.292,29.292,51.1,95.0,134.0,173.0,1.1,1.1,2.2,30.6,0.05,1.62,0.55,2.77,4.34,4.34,46.41,0.0,52.5,91,51.1,49.72,52.5,49.9,64.8,46.8,2022-12-31T21:55:00.000Z,4ff9378d7a1fcdb79df4ff0cc205611c,1672444800000.0,4ff9378d7a1fcdb79df4ff0cc205611c/daily/1672444800000.json,,,,,,,,
2022-12-31 14:00:00,1672524000000,64.8,53,29.289,29.289,50.9,96.0,176.0,180.0,0.0,1.1,2.9,30.6,0.02,1.62,0.55,2.77,4.34,4.34,46.41,0.0,52.5,91,50.9,49.8,52.5,49.9,64.8,47.3,2022-12-31T22:00:00.000Z,4ff9378d7a1fcdb79df4ff0cc205611c,1672444800000.0,4ff9378d7a1fcdb79df4ff0cc205611c/daily/1672444800000.json,,,,,,,,
2022-12-31 14:05:00,1672524300000,64.8,53,29.289,29.289,51.1,95.0,145.0,161.0,0.0,1.1,1.8,30.6,0.02,1.63,0.55,2.78,4.34,4.34,48.62,0.0,52.3,91,51.1,49.72,52.3,49.8,64.8,47.3,2022-12-31T22:05:00.000Z,4ff9378d7a1fcdb79df4ff0cc205611c,1672444800000.0,4ff9378d7a1fcdb79df4ff0cc205611c/daily/1672444800000.json,,,,,,,,
2022-12-31 14:10:00,1672524600000,64.8,52,29.289,29.289,51.1,95.0,191.0,185.0,1.8,0.0,2.7,30.6,0.02,1.63,0.56,2.78,4.35,4.35,59.12,0.0,52.3,91,51.1,49.72,52.3,49.8,64.8,46.8,2022-12-31T22:10:00.000Z,4ff9378d7a1fcdb79df4ff0cc205611c,1672444800000.0,4ff9378d7a1fcdb79df4ff0cc205611c/daily/1672444800000.json,,,,,,,,
2022-12-31 14:15:00,1672524900000,64.8,52,29.292,29.292,51.1,94.0,186.0,191.0,1.3,1.1,2.9,30.6,0.02,1.63,0.56,2.78,4.35,4.35,67.96,0.0,52.3,91,51.1,49.43,52.3,49.8,64.8,46.8,2022-12-31T22:15:00.000Z,4ff9378d7a1fcdb79df4ff0cc205611c,1672444800000.0,4ff9378d7a1fcdb79df4ff0cc205611c/daily/1672444800000.json,,,,,,,,
2022-12-31 14:20:00,1672525200000,64.8,53,29.289,29.289,51.1,93.0,196.0,186.0,3.6,1.3,4.5,30.6,0.05,1.64,0.56,2.79,4.35,4.35,64.33,0.0,52.3,91,51.1,49.15,52.3,49.8,64.8,47.3,2022-12-31T22:20:00.000Z,4ff9378d7a1fcdb79df4ff0cc205611c,1672444800000.0,4ff9378d7a1fcdb79df4ff0cc205611c/daily/1672444800000.json,,,,,,,,
2022-12-31 14:25:00,1672525500000,64.8,53,29.289,29.289,51.3,94.0,186.0,189.0,2.0,1.6,2.9,30.6,0.05,1.64,0.57,2.79,4.36,4.36,55.49,0.0,52.2,91,51.3,49.63,52.2,49.7,64.8,47.3,2022-12-31T22:25:00.000Z,4ff9378d7a1fcdb79df4ff0cc205611c,1672444800000.0,4ff9378d7a1fcdb79df4ff0cc205611c/daily/1672444800000.json,,,,,,,,
2022-12-31 14:30:00,1672525800000,64.9,53,29.292,29.292,51.4,93.0,221.0,139.0,0.0,1.3,3.8,30.6,0.05,1.65,0.57,2.79,4.36,4.36,49.8,0.0,52.2,91,51.4,49.44,52.2,49.7,64.9,47.4,2022-12-31T22:30:00.000Z,4ff9378d7a1fcdb79df4ff0cc205611c,1672444800000.0,4ff9378d7a1fcdb79df4ff0cc205611c/daily/1672444800000.json,,,,,,,,
2022-12-31 14:35:00,1672526100000,64.9,53,29.292,29.292,51.4,92.0,133.0,130.0,0.0,1.6,2.9,30.6,0.05,1.65,0.57,2.8,4.37,4.37,45.07,0.0,52.3,90,51.4,49.15,52.3,49.5,64.9,47.4,2022-12-31T22:35:00.000Z,4ff9378d7a1fcdb79df4ff0cc205611c,1672444800000.0,4ff9378d7a1fcdb79df4ff0cc205611c/daily/1672444800000.json,,,,,,,,
2022-12-31 14:40:00,1672526400000,64.9,53,29.292,29.292,51.3,90.0,135.0,130.0,1.8,1.3,3.1,30.6,0.05,1.65,0.58,2.8,4.37,4.37,43.17,0.0,52.5,89,51.3,48.47,52.5,49.4,64.9,47.4,2022-12-31T22:40:00.000Z,4ff9378d7a1fcdb79df4ff0cc205611c,1672444800000.0,4ff9378d7a1fcdb79df4ff0cc205611c/daily/1672444800000.json,,,,,,,,
2022-12-31 14:45:00,1672526700000,64.8,53,29.295,29.295,51.4,89.0,95.0,160.0,2.5,1.3,2.7,30.6,0.05,1.66,0.59,2.81,4.38,4.38,36.23,0.0,52.5,88,51.4,48.27,52.5,49.0,64.8,47.3,2022-12-31T22:45:00.000Z,4ff9378d7a1fcdb79df4ff0cc205611c,1672444800000.0,4ff9378d7a1fcdb79df4ff0cc205611c/daily/1672444800000.json,,,,,,,,
2022-12-31 14:50:00,1672527000000,64.8,53,29.297,29.297,51.6,89.0,302.0,32.0,1.6,1.8,4.7,30.6,0.07,1.67,0.59,2.81,4.38,4.38,34.49,0.0,52.3,87,51.6,48.46,52.3,48.5,64.8,47.3,2022-12-31T22:50:00.000Z,4ff9378d7a1fcdb79df4ff0cc205611c,1672444800000.0,4ff9378d7a1fcdb79df4ff0cc205611c/daily/1672444800000.json,,,,,,,,
2022-12-31 14:55:00,1672527300000,64.8,53,29.295,29.295,51.4,88.0,75.0,75.0,2.7,2.0,4.3,30.6,0.07,1.67,0.6,2.82,4.39,4.39,35.44,0.0,52.5,87,51.4,47.97,52.5,48.7,64.8,47.3,2022-12-31T22:55:00.000Z,4ff9378d7a1fcdb79df4ff0cc205611c,1672444800000.0,4ff9378d7a1fcdb79df4ff0cc205611c/daily/1672444800000.json,,,,,,,,
2022-12-31 15:00:00,1672527600000,64.8,53,29.286,29.286,51.4,89.0,89.0,89.0,0.0,1.8,2.0,30.6,0.05,1.68,0.6,2.83,4.39,4.39,53.04,0.0,52.3,86,51.4,48.27,52.3,48.2,64.8,47.3,2022-12-31T23:00:00.000Z,4ff9378d7a1fcdb79df4ff0cc205611c,1672444800000.0,4ff9378d7a1fcdb79df4ff0cc205611c/daily/1672444800000.json,,,,,,,,
2022-12-31 15:05:00,1672527900000,64.8,53,29.28,29.28,51.1,94.0,113.0,116.0,0.0,0.0,1.3,30.6,0.05,1.68,0.61,2.83,4.4,4.4,49.01,0.0,52.3,89,51.1,49.43,52.3,49.2,64.8,47.3,2022-12-31T23:05:00.000Z,4ff9378d7a1fcdb79df4ff0cc205611c,1672444800000.0,4ff9378d7a1fcdb79df4ff0cc205611c/daily/1672444800000.json,,,,,,,,
2022-12-31 15:10:00,1672528200000,64.9,53,29.28,29.28,50.9,93.0,204.0,119.0,0.0,0.0,2.9,30.6,0.05,1.69,0.61,2.83,4.4,4.4,40.88,0.0,52.3,90,50.9,48.95,52.3,49.5,64.9,47.4,2022-12-31T23:10:00.000Z,4ff9378d7a1fcdb79df4ff0cc205611c,1672444800000.0,4ff9378d7a1fcdb79df4ff0cc205611c/daily/1672444800000.json,,,,,,,,
2022-12-31 15:15:00,1672528500000,64.9,53,29.286,29.286,50.7,93.0,209.0,202.0,2.0,1.1,2.9,30.6,0.02,1.69,0.61,2.83,4.4,4.4,34.73,0.0,52.2,91,50.7,48.75,52.2,49.7,64.9,47.4,2022-12-31T23:15:00.000Z,4ff9378d7a1fcdb79df4ff0cc205611c,1672444800000.0,4ff9378d7a1fcdb79df4ff0cc205611c/daily/1672444800000.json,,,,,,,,
2022-12-31 15:20:00,1672528800000,65.1,52,29.289,29.289,50.9,94.0,139.0,190.0,1.6,0.0,2.9,30.6,0.0,1.69,0.61,2.83,4.4,4.4,26.84,0.0,52.2,91,50.9,49.23,52.2,49.7,65.1,47.0,2022-12-31T23:18:00.000Z,4ff9378d7a1fcdb79df4ff0cc205611c,1672444800000.0,4ff9378d7a1fcdb79df4ff0cc205611c/daily/1672444800000.json,,,,,,,,
2022-12-31 15:25:00,1672529100000,64.9,52,29.295,29.295,50.9,94.0,177.0,199.0,2.2,1.8,3.6,30.6,0.02,1.69,0.61,2.84,4.41,4.41,18.47,0.0,52.2,91,50.9,49.23,52.2,49.7,64.9,46.8,2022-12-31T23:25:00.000Z,4ff9378d7a1fcdb79df4ff0cc205611c,1672444800000.0,4ff9378d7a1fcdb79df4ff0cc205611c/daily/1672444800000.json,,,,,,,,
2022-12-31 15:30:00,1672529400000,65.1,53,29.292,29.292,50.9,94.0,97.0,165.0,0.0,1.8,3.8,30.6,0.02,1.69,0.61,2.84,4.41,4.41,18.07,0.0,52.0,91,50.9,49.23,52.0,49.5,65.1,47.5,2022-12-31T23:30:00.000Z,4ff9378d7a1fcdb79df4ff0cc205611c,1672444800000.0,4ff9378d7a1fcdb79df4ff0cc205611c/daily/1672444800000.json,,,,,,,,
2022-12-31 15:35:00,1672529700000,65.3,53,29.289,29.289,50.7,95.0,210.0,152.0,0.0,1.3,4.7,30.6,0.0,1.69,0.61,2.84,4.41,4.41,17.52,0.0,52.0,92,50.7,49.32,52.0,49.7,65.3,47.7,2022-12-31T23:33:00.000Z,4ff9378d7a1fcdb79df4ff0cc205611c,1672444800000.0,4ff9378d7a1fcdb79df4ff0cc205611c/daily/1672444800000.json,,,,,,,,
2022-12-31 15:40:00,1672530000000,65.3,53,29.292,29.292,50.7,95.0,154.0,154.0,0.0,1.8,3.4,30.6,0.02,1.69,0.62,2.84,4.41,4.41,15.63,0.0,51.8,91,50.7,49.32,51.8,49.3,65.3,47.7,2022-12-31T23:40:00.000Z,4ff9378d7a1fcdb79df4ff0cc205611c,1672444800000.0,4ff9378d7a1fcdb79df4ff0cc205611c/daily/1672444800000.json,,,,,,,,
2022-12-31 15:45:00,1672530300000,65.7,52,29.295,29.295,50.7,93.0,126.0,135.0,1.1,2.0,7.2,30.6,0.02,1.69,0.62,2.84,4.41,4.41,12.55,0.0,51.8,90,50.7,48.75,51.8,49.0,65.7,47.6,2022-12-31T23:45:00.000Z,4ff9378d7a1fcdb79df4ff0cc205611c,1672444800000.0,4ff9378d7a1fcdb79df4ff0cc205611c/daily/1672444800000.json,,,,,,,,
2022-12-31 15:50:00,1672530600000,65.8,52,29.292,29.292,50.5,93.0,257.0,139.0,0.0,2.2,5.1,30.6,0.0,1.69,0.62,2.84,4.41,4.41,13.65,0.0,51.8,90,50.5,48.55,51.8,49.0,65.8,47.7,2022-12-31T23:47:00.000Z,4ff9378d7a1fcdb79df4ff0cc205611c,1672444800000.0,4ff9378d7a1fcdb79df4ff0cc205611c/daily/1672444800000.json,,,,,,,,
2022-12-31 15:55:00,1672530900000,65.8,52,29.289,29.289,50.5,92.0,132.0,122.0,3.1,2.0,3.8,30.6,0.0,1.69,0.62,2.84,4.41,4.41,12.55,0.0,51.6,91,50.5,48.26,51.6,49.1,65.8,47.7,2022-12-31T23:47:00.000Z,4ff9378d7a1fcdb79df4ff0cc205611c,1672444800000.0,4ff9378d7a1fcdb79df4ff0cc205611c/daily/1672444800000.json,,,,,,,,
2022-12-31 16:00:00,1672531200000,66.0,52,29.289,29.289,50.4,94.0,125.0,125.0,0.0,1.1,2.0,30.6,0.0,1.69,0.62,2.84,4.41,4.41,11.21,0.0,51.6,91,50.4,48.74,51.6,49.1,66.0,47.9,2022-12-31T23:47:00.000Z,4ff9378d7a1fcdb79df4ff0cc205611c,1672531200000.0,4ff9378d7a1fcdb79df4ff0cc205611c/daily/1672531200000.json,,,,,,,,
2022-12-31 16:05:00,1672531500000,66.2,52,29.286,29.286,50.7,90.0,117.0,125.0,2.0,1.1,2.5,30.6,0.0,1.69,0.62,2.84,4.41,4.41,9.71,0.0,51.6,90,50.7,47.87,51.6,48.8,66.2,48.0,2022-12-31T23:47:00.000Z,4ff9378d7a1fcdb79df4ff0cc205611c,1672531200000.0,4ff9378d7a1fcdb79df4ff0cc205611c/daily/1672531200000.json,,,,,,,,
2022-12-31 16:10:00,1672531800000,66.4,52,29.286,29.286,50.4,93.0,194.0,121.0,0.0,1.1,1.8,30.6,0.0,1.69,0.62,2.84,4.41,4.41,8.92,0.0,51.6,91,50.4,48.45,51.6,49.1,66.4,48.2,2022-12-31T23:47:00.000Z,4ff9378d7a1fcdb79df4ff0cc205611c,1672531200000.0,4ff9378d7a1fcdb79df4ff0cc205611c/daily/1672531200000.json,,,,,,,,
2022-12-31 16:15:00,1672532100000,66.6,52,29.283,29.283,50.0,95.0,123.0,170.0,0.0,0.0,2.0,30.6,0.0,1.69,0.62,2.84,4.41,4.41,5.76,0.0,51.6,90,50.0,48.62,51.6,48.8,66.6,48.4,2022-12-31T23:47:00.000Z,4ff9378d7a1fcdb79df4ff0cc205611c,1672531200000.0,4ff9378d7a1fcdb79df4ff0cc205611c/daily/1672531200000.json,,,,,,,,
2022-12-31 16:20:00,1672532400000,66.7,51,29.292,29.292,51.1,88.0,195.0,130.0,1.3,1.3,2.7,30.6,0.0,1.69,0.62,2.84,4.41,4.41,5.21,0.0,51.6,89,51.1,47.67,51.6,48.5,66.7,48.0,2022-12-31T23:47:00.000Z,4ff9378d7a1fcdb79df4ff0cc205611c,1672531200000.0,4ff9378d7a1fcdb79df4ff0cc205611c/daily/1672531200000.json,,,,,,,,
2022-12-31 16:25:00,1672532700000,66.9,51,29.289,29.289,50.7,92.0,117.0,189.0,0.0,1.3,2.5,30.6,0.0,1.69,0.62,2.84,4.41,4.41,3.95,0.0,51.8,87,50.7,48.46,51.8,48.1,66.9,48.2,2022-12-31T23:47:00.000Z,4ff9378d7a1fcdb79df4ff0cc205611c,1672531200000.0,4ff9378d7a1fcdb79df4ff0cc205611c/daily/1672531200000.json,,,,,,,,
2022-12-31 16:30:00,1672533000000,67.1,51,29.292,29.292,50.2,94.0,50.0,189.0,1.1,1.1,2.9,30.6,0.0,1.69,0.62,2.84,4.41,4.41,2.68,0.0,51.8,89,50.2,48.54,51.8,48.7,67.1,48.4,2022-12-31T23:47:00.000Z,4ff9378d7a1fcdb79df4ff0cc205611c,1672531200000.0,4ff9378d7a1fcdb79df4ff0cc205611c/daily/1672531200000.json,,,,,,,,
2022-12-31 16:35:00,1672533300000,67.3,51,29.292,29.292,50.0,94.0,183.0,187.0,0.0,1.1,1.8,30.6,0.0,1.69,0.62,2.84,4.41,4.41,2.21,0.0,51.6,89,50.0,48.34,51.6,48.5,67.3,48.5,2022-12-31T23:47:00.000Z,4ff9378d7a1fcdb79df4ff0cc205611c,1672531200000.0,4ff9378d7a1fcdb79df4ff0cc205611c/daily/1672531200000.json,,,,,,,,
2022-12-31 16:40:00,1672533600000,67.5,51,29.283,29.283,49.8,94.0,208.0,183.0,3.4,0.0,4.5,30.6,0.0,1.69,0.62,2.84,4.41,4.41,1.58,0.0,51.6,90,49.1,48.14,51.6,48.8,67.5,48.7,2022-12-31T23:47:00.000Z,4ff9378d7a1fcdb79df4ff0cc205611c,1672531200000.0,4ff9378d7a1fcdb79df4ff0cc205611c/daily/1672531200000.json,,,,,,,,
2022-12-31 16:45:00,1672533900000,67.5,50,29.286,29.286,50.0,93.0,149.0,178.0,1.3,1.1,3.6,30.6,0.0,1.69,0.62,2.84,4.41,4.41,1.34,0.0,51.3,91,50.0,48.06,51.3,48.8,67.5,48.2,2022-12-31T23:47:00.000Z,4ff9378d7a1fcdb79df4ff0cc205611c,1672531200000.0,4ff9378d7a1fcdb79df4ff0cc205611c/daily/1672531200000.json,,,,,,,,
2022-12-31 16:50:00,1672534200000,67.6,50,29.286,29.286,50.0,92.0,103.0,121.0,0.0,2.0,2.9,30.6,0.0,1.69,0.62,2.84,4.41,4.41,0.95,0.0,51.3,91,50.0,47.77,51.3,48.8,67.6,48.3,2022-12-31T23:47:00.000Z,4ff9378d7a1fcdb79df4ff0cc205611c,1672531200000.0,4ff9378d7a1fcdb79df4ff0cc205611c/daily/1672531200000.json,,,,,,,,
2022-12-31 16:55:00,1672534500000,67.8,50,29.292,29.292,50.0,93.0,135.0,135.0,0.0,1.6,1.8,30.6,0.0,1.69,0.62,2.84,4.41,4.41,0.55,0.0,51.4,90,50.0,48.06,51.4,48.6,67.8,48.5,2022-12-31T23:47:00.000Z,4ff9378d7a1fcdb79df4ff0cc205611c,1672531200000.0,4ff9378d7a1fcdb79df4ff0cc205611c/daily/1672531200000.json,,,,,,,,
2022-12-31 17:00:00,1672534800000,68.0,51,29.295,29.295,50.4,88.0,276.0,126.0,1.6,1.3,6.5,30.6,0.0,1.69,0.62,2.84,4.41,4.41,0.32,0.0,51.3,87,50.4,46.98,51.3,47.6,68.0,49.2,2022-12-31T23:47:00.000Z,4ff9378d7a1fcdb79df4ff0cc205611c,1672531200000.0,4ff9378d7a1fcdb79df4ff0cc205611c/daily/1672531200000.json,,,,,,,,
2022-12-31 17:05:00,1672535100000,68.5,51,29.286,29.286,51.4,82.0,60.0,152.0,3.6,1.6,6.0,30.6,0.0,1.69,0.62,2.84,4.41,4.41,0.16,0.0,51.3,84,51.4,46.09,51.3,46.6,67.4,49.6,2022-12-31T23:47:00.000Z,4ff9378d7a1fcdb79df4ff0cc205611c,1672531200000.0,4ff9378d7a1fcdb79df4ff0cc205611c/daily/1672531200000.json,,,,,,,,
2022-12-31 17:10:00,1672535400000,69.1,51,29.295,29.295,52.0,82.0,185.0,143.0,2.5,2.0,3.6,30.6,0.0,1.69,0.62,2.84,4.41,4.41,0.08,0.0,51.6,84,52.0,46.68,51.6,46.9,68.1,50.2,2022-12-31T23:47:00.000Z,4ff9378d7a1fcdb79df4ff0cc205611c,1672531200000.0,4ff9378d7a1fcdb79df4ff0cc205611c/daily/1672531200000.json,,,,,,,,
2022-12-31 17:15:00,1672535700000,69.8,51,29.292,29.292,52.3,81.0,0.0,144.0,2.0,2.0,3.6,30.6,0.0,1.69,0.62,2.84,4.41,4.41,0.0,0.0,51.8,83,52.3,46.64,51.8,46.8,68.9,50.8,2022-12-31T23:47:00.000Z,4ff9378d7a1fcdb79df4ff0cc205611c,1672531200000.0,4ff9378d7a1fcdb79df4ff0cc205611c/daily/1672531200000.json,,,,,,,,
2022-12-31 17:20:00,1672536000000,70.5,50,29.289,29.289,52.5,79.0,114.0,82.0,1.8,2.2,7.2,30.6,0.0,1.69,0.62,2.84,4.41,4.41,0.0,0.0,52.0,82,52.5,46.18,52.0,46.7,69.6,51.0,2022-12-31T23:47:00.000Z,4ff9378d7a1fcdb79df4ff0cc205611c,1672531200000.0,4ff9378d7a1fcdb79df4ff0cc205611c/daily/1672531200000.json,,,,,,,,
2022-12-31 17:25:00,1672536300000,71.1,49,29.292,29.292,52.2,81.0,333.0,324.0,0.0,2.2,3.1,30.6,0.0,1.69,0.62,2.84,4.41,4.41,0.0,0.0,52.2,83,52.2,46.55,52.2,47.2,70.2,51.0,2022-12-31T23:47:00.000Z,4ff9378d7a1fcdb79df4ff0cc205611c,1672531200000.0,4ff9378d7a1fcdb79df4ff0cc205611c/daily/1672531200000.json,,,,,,,,
2022-12-31 17:30:00,1672536600000,71.6,49,29.309,29.309,52.0,81.0,13.0,324.0,1.3,1.6,4.5,30.6,0.0,1.69,0.62,2.84,4.41,4.41,0.0,0.0,52.2,83,52.0,46.35,52.2,47.2,70.8,51.4,2022-12-31T23:47:00.000Z,4ff9378d7a1fcdb79df4ff0cc205611c,1672531200000.0,4ff9378d7a1fcdb79df4ff0cc205611c/daily/1672531200000.json,,,,,,,,
2022-12-31 17:35:00,1672536900000,71.8,49,29.283,29.283,52.0,81.0,236.0,274.0,2.5,2.5,6.7,30.6,0.05,1.7,0.63,2.85,4.42,4.42,0.0,0.0,52.2,83,52.0,46.35,52.2,47.2,71.0,51.6,2023-01-01T01:35:00.000Z,4ff9378d7a1fcdb79df4ff0cc205611c,1672531200000.0,4ff9378d7a1fcdb79df4ff0cc205611c/daily/1672531200000.json,,,,,,,,
2022-12-31 17:40:00,1672537200000,71.8,49,29.274,29.274,52.0,81.0,233.0,227.0,2.9,3.6,4.9,30.6,0.05,1.7,0.63,2.85,4.42,4.42,0.0,0.0,52.2,82,52.0,46.35,52.2,46.9,71.0,51.6,2023-01-01T01:40:00.000Z,4ff9378d7a1fcdb79df4ff0cc205611c,1672531200000.0,4ff9378d7a1fcdb79df4ff0cc205611c/daily/1672531200000.json,,,,,,,,
2022-12-31 17:45:00,1672537500000,72.0,49,29.271,29.271,50.5,88.0,183.0,206.0,1.3,2.7,3.6,30.6,0.0,1.7,0.63,2.85,4.42,4.42,0.0,0.0,51.8,84,50.5,47.08,51.8,47.1,71.2,51.8,2023-01-01T01:41:00.000Z,4ff9378d7a1fcdb79df4ff0cc205611c,1672531200000.0,4ff9378d7a1fcdb79df4ff0cc205611c/daily/1672531200000.json,,,,,,,,
2022-12-31 17:50:00,1672537800000,71.8,48,29.271,29.271,50.0,88.0,208.0,198.0,1.3,1.6,2.0,30.6,0.0,1.7,0.63,2.85,4.42,4.42,0.0,0.0,51.6,87,50.0,46.59,51.6,47.9,70.9,51.0,2023-01-01T01:41:00.000Z,4ff9378d7a1fcdb79df4ff0cc205611c,1672531200000.0,4ff9378d7a1fcdb79df4ff0cc205611c/daily/1672531200000.json,,,,,,,,
2022-12-31 17:55:00,1672538100000,71.8,49,29.271,29.271,50.0,84.0,166.0,344.0,0.0,1.3,2.9,30.6,0.0,1.7,0.63,2.85,4.42,4.42,0.0,0.0,51.4,85,50.0,45.36,51.4,47.0,71.0,51.6,2023-01-01T01:41:00.000Z,4ff9378d7a1fcdb79df4ff0cc205611c,1672531200000.0,4ff9378d7a1fcdb79df4ff0cc205611c/daily/1672531200000.json,,,,,,,,
2022-12-31 18:00:00,1672538400000,71.8,49,29.265,29.265,50.9,83.0,272.0,78.0,2.2,2.0,3.6,30.6,0.0,1.7,0.63,2.85,4.42,4.42,0.0,0.0,51.4,84,50.9,45.92,51.4,46.7,71.0,51.6,2023-01-01T01:41:00.000Z,4ff9378d7a1fcdb79df4ff0cc205611c,1672531200000.0,4ff9378d7a1fcdb79df4ff0cc205611c/daily/1672531200000.json,,,,,,,,
2022-12-31 18:05:00,1672538700000,72.0,49,29.265,29.265,50.7,86.0,261.0,298.0,2.2,2.2,3.4,30.6,0.0,1.7,0.63,2.85,4.42,4.42,0.0,0.0,51.4,84,50.7,46.67,51.4,46.7,71.2,51.8,2023-01-01T01:41:00.000Z,4ff9378d7a1fcdb79df4ff0cc205611c,1672531200000.0,4ff9378d7a1fcdb79df4ff0cc205611c/daily/1672531200000.json,,,,,,,,
2022-12-31 18:10:00,1672539000000,71.8,48,29.265,29.265,49.5,90.0,311.0,290.0,0.0,2.0,2.5,30.6,0.0,1.7,0.63,2.85,4.42,4.42,0.0,0.0,51.4,85,49.5,46.69,51.4,47.0,70.9,51.0,2023-01-01T01:41:00.000Z,4ff9378d7a1fcdb79df4ff0cc205611c,1672531200000.0,4ff9378d7a1fcdb79df4ff0cc205611c/daily/1672531200000.json,,,,,,,,
2022-12-31 18:15:00,1672539300000,71.6,48,29.271,29.271,51.3,83.0,286.0,293.0,5.4,2.0,13.0,30.6,0.0,1.7,0.63,2.85,4.42,4.42,0.0,0.0,51.3,84,51.3,46.31,51.3,46.6,70.7,50.9,2023-01-01T01:41:00.000Z,4ff9378d7a1fcdb79df4ff0cc205611c,1672531200000.0,4ff9378d7a1fcdb79df4ff0cc205611c/daily/1672531200000.json,,,,,,,,
2022-12-31 18:20:00,1672539600000,71.6,48,29.265,29.265,51.3,82.0,296.0,283.0,2.2,2.5,4.7,30.6,0.0,1.7,0.63,2.85,4.42,4.42,0.0,0.0,51.4,84,51.3,45.99,51.4,46.7,70.7,50.9,2023-01-01T01:41:00.000Z,4ff9378d7a1fcdb79df4ff0cc205611c,1672531200000.0,4ff9378d7a1fcdb79df4ff0cc205611c/daily/1672531200000.json,,,,,,,,
2022-12-31 18:25:00,1672539900000,71.6,49,29.268,29.268,50.9,83.0,223.0,280.0,1.3,1.3,1.8,30.6,0.0,1.7,0.63,2.85,4.42,4.42,0.0,0.0,51.4,83,50.9,45.92,51.4,46.4,70.8,51.4,2023-01-01T01:41:00.000Z,4ff9378d7a1fcdb79df4ff0cc205611c,1672531200000.0,4ff9378d7a1fcdb79df4ff0cc205611c/daily/1672531200000.json,,,,,,,,
2022-12-31 18:30:00,1672540200000,71.8,49,29.271,29.271,50.4,87.0,136.0,136.0,0.0,1.3,3.8,30.6,0.0,1.7,0.63,2.85,4.42,4.42,0.0,0.0,51.3,85,50.4,46.68,51.3,46.9,71.0,51.6,2023-01-01T01:41:00.000Z,4ff9378d7a1fcdb79df4ff0cc205611c,1672531200000.0,4ff9378d7a1fcdb79df4ff0cc205611c/daily/1672531200000.json,,,,,,,,
2022-12-31 18:35:00,1672540500000,72.0,49,29.28,29.28,50.7,85.0,231.0,196.0,2.7,2.9,9.4,30.6,0.0,1.7,0.63,2.85,4.42,4.42,0.0,0.0,51.1,85,50.7,46.36,51.1,46.7,71.2,51.8,2023-01-01T01:41:00.000Z,4ff9378d7a1fcdb79df4ff0cc205611c,1672531200000.0,4ff9378d7a1fcdb79df4ff0cc205611c/daily/1672531200000.json,,,,,,,,
2022-12-31 18:40:00,1672540800000,72.0,49,29.283,29.283,50.7,85.0,170.0,192.0,1.6,2.7,2.9,30.6,0.0,1.7,0.63,2.85,4.42,4.42,0.0,0.0,51.3,86,50.7,46.36,51.3,47.3,71.2,51.8,2023-01-01T01:41:00.000Z,4ff9378d7a1fcdb79df4ff0cc205611c,1672531200000.0,4ff9378d7a1fcdb79df4ff0cc205611c/daily/1672531200000.json,,,,,,,,
2022-12-31 18:45:00,1672541100000,72.1,49,29.283,29.283,50.4,86.0,160.0,190.0,1.3,2.0,6.0,30.6,0.0,1.7,0.63,2.85,4.42,4.42,0.0,0.0,50.9,85,50.4,46.37,50.9,46.6,71.3,51.9,2023-01-01T01:41:00.000Z,4ff9378d7a1fcdb79df4ff0cc205611c,1672531200000.0,4ff9378d7a1fcdb79df4ff0cc205611c/daily/1672531200000.json,,,,,,,,
2022-12-31 18:50:00,1672541400000,72.1,49,29.283,29.283,50.4,88.0,194.0,194.0,1.1,2.2,3.4,30.6,0.0,1.7,0.63,2.85,4.42,4.42,0.0,0.0,50.9,87,50.4,46.98,50.9,47.2,71.3,51.9,2023-01-01T01:41:00.000Z,4ff9378d7a1fcdb79df4ff0cc205611c,1672531200000.0,4ff9378d7a1fcdb79df4ff0cc205611c/daily/1672531200000.json,,,,,,,,
2022-12-31 18:55:00,1672541700000,72.1,48,29.286,29.286,49.5,90.0,145.0,192.0,0.0,1.6,2.7,30.6,0.0,1.7,0.63,2.85,4.42,4.42,0.0,0.0,50.9,87,49.5,46.69,50.9,47.2,71.3,51.3,2023-01-01T01:41:00.000Z,4ff9378d7a1fcdb79df4ff0cc205611c,1672531200000.0,4ff9378d7a1fcdb79df4ff0cc205611c/daily/1672531200000.json,,,,,,,,
2022-12-31 19:00:00,1672542000000,72.1,47,29.286,29.286,48.9,91.0,238.0,151.0,0.0,1.6,2.0,30.6,0.0,1.7,0.63,2.85,4.42,4.42,0.0,0.0,50.9,87,48.9,46.39,50.9,47.2,71.2,50.7,2023-01-01T01:41:00.000Z,4ff9378d7a1fcdb79df4ff0cc205611c,1672531200000.0,4ff9378d7a1fcdb79df4ff0cc205611c/daily/1672531200000.json,,,,,,,,
2022-12-31 19:05:00,1672542300000,72.0,47,29.28,29.28,48.6,93.0,186.0,120.0,0.0,0.0,1.8,30.6,0.0,1.7,0.63,2.85,4.42,4.42,0.0,0.0,50.7,87,48.6,46.67,50.7,47.0,71.1,50.7,2023-01-01T01:41:00.000Z,4ff9378d7a1fcdb79df4ff0cc205611c,1672531200000.0,4ff9378d7a1fcdb79df4ff0cc205611c/daily/1672531200000.json,,,,,,,,
2022-12-31 19:10:00,1672542600000,72.0,47,29.292,29.292,48.6,92.0,266.0,120.0,1.3,1.3,2.9,30.6,0.0,1.7,0.63,2.85,4.42,4.42,0.0,0.0,50.7,88,48.6,46.38,50.7,47.3,71.1,50.7,2023-01-01T01:41:00.000Z,4ff9378d7a1fcdb79df4ff0cc205611c,1672531200000.0,4ff9378d7a1fcdb79df4ff0cc205611c/daily/1672531200000.json,,,,,,,,
2022-12-31 19:15:00,1672542900000,72.0,48,29.286,29.286,49.1,90.0,275.0,275.0,1.6,1.3,2.0,30.6,0.0,1.7,0.63,2.85,4.42,4.42,0.0,0.0,50.7,87,49.1,46.29,50.7,47.0,71.2,51.2,2023-01-01T01:41:00.000Z,4ff9378d7a1fcdb79df4ff0cc205611c,1672531200000.0,4ff9378d7a1fcdb79df4ff0cc205611c/daily/1672531200000.json,,,,,,,,
2022-12-31 19:20:00,1672543200000,72.0,48,29.289,29.289,50.5,85.0,205.0,205.0,1.3,1.6,3.6,30.6,0.0,1.7,0.63,2.85,4.42,4.42,0.0,0.0,50.7,86,50.5,46.16,50.7,46.7,71.2,51.2,2023-01-01T01:41:00.000Z,4ff9378d7a1fcdb79df4ff0cc205611c,1672531200000.0,4ff9378d7a1fcdb79df4ff0cc205611c/daily/1672531200000.json,,,,,,,,
2022-12-31 19:25:00,1672543500000,72.1,48,29.289,29.289,49.5,89.0,210.0,205.0,2.9,2.2,4.7,30.6,0.0,1.7,0.63,2.85,4.42,4.42,0.0,0.0,50.9,86,49.5,46.39,50.9,46.9,71.3,51.3,2023-01-01T01:41:00.000Z,4ff9378d7a1fcdb79df4ff0cc205611c,1672531200000.0,4ff9378d7a1fcdb79df4ff0cc205611c/daily/1672531200000.json,,,,,,,,
2022-12-31 19:30:00,1672543800000,72.0,48,29.297,29.297,48.9,91.0,40.0,255.0,0.0,2.2,2.9,30.6,0.0,1.7,0.63,2.85,4.42,4.42,0.0,0.0,50.7,87,48.9,46.39,50.7,47.0,71.2,51.2,2023-01-01T01:41:00.000Z,4ff9378d7a1fcdb79df4ff0cc205611c,1672531200000.0,4ff9378d7a1fcdb79df4ff0cc205611c/daily/1672531200000.json,,,,,,,,
2022-12-31 19:35:00,1672544100000,72.0,48,29.292,29.292,48.4,93.0,278.0,116.0,2.2,2.0,3.1,30.6,0.0,1.7,0.63,2.85,4.42,4.42,0.0,0.0,50.5,87,48.4,46.47,50.5,46.8,71.2,51.2,2023-01-01T01:41:00.000Z,4ff9378d7a1fcdb79df4ff0cc205611c,1672531200000.0,4ff9378d7a1fcdb79df4ff0cc205611c/daily/1672531200000.json,,,,,,,,
2022-12-31 19:40:00,1672544400000,72.0,48,29.295,29.295,48.2,93.0,274.0,116.0,1.3,1.6,1.6,30.6,0.0,1.7,0.63,2.85,4.42,4.42,0.0,0.0,50.5,88,48.2,46.27,50.5,47.1,71.2,51.2,2023-01-01T01:41:00.000Z,4ff9378d7a1fcdb79df4ff0cc205611c,1672531200000.0,4ff9378d7a1fcdb79df4ff0cc205611c/daily/1672531200000.json,,,,,,,,
2022-12-31 19:45:00,1672544700000,72.0,48,29.295,29.295,48.6,92.0,259.0,232.0,2.7,1.3,3.4,30.6,0.0,1.7,0.63,2.85,4.42,4.42,0.0,0.0,50.4,88,48.6,46.38,50.4,47.0,71.2,51.2,2023-01-01T01:41:00.000Z,4ff9378d7a1fcdb79df4ff0cc205611c,1672531200000.0,4ff9378d7a1fcdb79df4ff0cc205611c/daily/1672531200000.json,,,,,,,,
2022-12-31 19:50:00,1672545000000,72.0,48,29.295,29.295,48.6,91.0,251.0,257.0,0.0,1.3,4.0,30.6,0.0,1.7,0.63,2.85,4.42,4.42,0.0,0.0,50.4,88,48.6,46.09,50.4,47.0,71.2,51.2,2023-01-01T01:41:00.000Z,4ff9378d7a1fcdb79df4ff0cc205611c,1672531200000.0,4ff9378d7a1fcdb79df4ff0cc205611c/daily/1672531200000.json,,,,,,,,
2022-12-31 19:55:00,1672545300000,71.8,48,29.295,29.295,48.4,93.0,210.0,257.0,1.1,1.6,3.6,30.6,0.0,1.7,0.63,2.85,4.42,4.42,0.0,0.0,50.2,88,48.4,46.47,50.2,46.8,70.9,51.0,2023-01-01T01:41:00.000Z,4ff9378d7a1fcdb79df4ff0cc205611c,1672531200000.0,4ff9378d7a1fcdb79df4ff0cc205611c/daily/1672531200000.json,,,,,,,,
2022-12-31 20:00:00,1672545600000,71.8,48,29.292,29.292,48.4,93.0,127.0,282.0,0.0,1.3,2.5,30.6,0.0,1.7,0.63,2.85,4.42,4.42,0.0,0.0,50.2,88,48.4,46.47,50.2,46.8,70.9,51.0,2023-01-01T01:41:00.000Z,4ff9378d7a1fcdb79df4ff0cc205611c,1672531200000.0,4ff9378d7a1fcdb79df4ff0cc205611c/daily/1672531200000.json,,,,,,,,
2022-12-31 20:05:00,1672545900000,71.8,48,29.295,29.295,48.0,93.0,122.0,127.0,0.0,1.1,0.0,30.6,0.0,1.7,0.63,2.85,4.42,4.42,0.0,0.0,50.0,88,48.0,46.07,50.0,46.6,70.9,51.0,2023-01-01T01:41:00.000Z,4ff9378d7a1fcdb79df4ff0cc205611c,1672531200000.0,4ff9378d7a1fcdb79df4ff0cc205611c/daily/1672531200000.json,,,,,,,,
2022-12-31 20:10:00,1672546200000,71.8,48,29.295,29.295,47.7,94.0,288.0,113.0,1.3,0.0,1.8,30.6,0.0,1.7,0.63,2.85,4.42,4.42,0.0,0.0,50.2,88,47.7,46.06,50.2,46.8,70.9,51.0,2023-01-01T01:41:00.000Z,4ff9378d7a1fcdb79df4ff0cc205611c,1672531200000.0,4ff9378d7a1fcdb79df4ff0cc205611c/daily/1672531200000.json,,,,,,,,
2022-12-31 20:15:00,1672546500000,71.6,48,29.295,29.295,47.1,95.0,307.0,291.0,2.5,1.3,4.0,30.6,0.0,1.7,0.63,2.85,4.42,4.42,0.0,0.0,50.0,88,47.1,45.74,50.0,46.6,70.7,50.9,2023-01-01T01:41:00.000Z,4ff9378d7a1fcdb79df4ff0cc205611c,1672531200000.0,4ff9378d7a1fcdb79df4ff0cc205611c/daily/1672531200000.json,,,,,,,,
2022-12-31 20:20:00,1672546800000,71.6,48,29.289,29.289,46.9,96.0,114.0,263.0,0.0,2.0,1.6,30.6,0.0,1.7,0.63,2.85,4.42,4.42,0.0,0.0,49.8,88,46.9,45.82,49.8,46.4,70.7,50.9,2023-01-01T01:41:00.000Z,4ff9378d7a1fcdb79df4ff0cc205611c,1672531200000.0,4ff9378d7a1fcdb79df4ff0cc205611c/daily/1672531200000.json,,,,,,,,
2022-12-31 20:25:00,1672547100000,71.4,48,29.295,29.295,46.9,95.0,226.0,154.0,1.6,0.0,4.0,30.6,0.0,1.7,0.63,2.85,4.42,4.42,0.0,0.0,49.6,89,46.9,45.54,49.6,46.5,70.5,50.7,2023-01-01T01:41:00.000Z,4ff9378d7a1fcdb79df4ff0cc205611c,1672531200000.0,4ff9378d7a1fcdb79df4ff0cc205611c/daily/1672531200000.json,,,,,,,,
2022-12-31 20:30:00,1672547400000,71.4,48,29.297,29.297,48.2,92.0,205.0,238.0,0.0,1.3,4.3,30.6,0.0,1.7,0.63,2.85,4.42,4.42,0.0,0.0,49.6,89,48.2,45.99,49.6,46.5,70.5,50.7,2023-01-01T01:41:00.000Z,4ff9378d7a1fcdb79df4ff0cc205611c,1672531200000.0,4ff9378d7a1fcdb79df4ff0cc205611c/daily/1672531200000.json,,,,,,,,
2022-12-31 20:35:00,1672547700000,71.4,48,29.295,29.295,47.5,94.0,113.0,113.0,0.0,1.3,1.3,30.6,0.0,1.7,0.63,2.85,4.42,4.42,0.0,0.0,49.6,88,47.5,45.86,49.6,46.2,70.5,50.7,2023-01-01T01:41:00.000Z,4ff9378d7a1fcdb79df4ff0cc205611c,1672531200000.0,4ff9378d7a1fcdb79df4ff0cc205611c/daily/1672531200000.json,,,,,,,,
2022-12-31 20:40:00,1672548000000,71.4,48,29.297,29.297,46.9,95.0,113.0,113.0,0.0,0.0,0.0,30.6,0.0,1.7,0.63,2.85,4.42,4.42,0.0,0.0,49.6,89,46.9,45.54,49.6,46.5,70.5,50.7,2023-01-01T01:41:00.000Z,4ff9378d7a1fcdb79df4ff0cc205611c,1672531200000.0,4ff9378d7a1fcdb79df4ff0cc205611c/daily/1672531200000.json,,,,,,,,
2022-12-31 20:45:00,1672548300000,71.4,48,29.303,29.303,46.6,96.0,102.0,110.0,0.0,0.0,1.8,30.6,0.0,1.7,0.63,2.85,4.42,4.42,0.0,0.0,49.5,88,46.6,45.52,49.5,46.1,70.5,50.7,2023-01-01T01:41:00.000Z,4ff9378d7a1fcdb79df4ff0cc205611c,1672531200000.0,4ff9378d7a1fcdb79df4ff0cc205611c/daily/1672531200000.json,,,,,,,,
2022-12-31 20:50:00,1672548600000,71.2,48,29.297,29.297,46.2,96.0,209.0,110.0,0.0,0.0,1.3,30.6,0.0,1.7,0.63,2.85,4.42,4.42,0.0,0.0,49.3,89,46.2,45.12,49.3,46.2,70.3,50.5,2023-01-01T01:41:00.000Z,4ff9378d7a1fcdb79df4ff0cc205611c,1672531200000.0,4ff9378d7a1fcdb79df4ff0cc205611c/daily/1672531200000.json,,,,,,,,
2022-12-31 20:55:00,1672548900000,71.4,48,29.303,29.303,45.9,96.0,305.0,289.0,1.8,0.0,5.1,30.6,0.0,1.7,0.63,2.85,4.42,4.42,0.0,0.0,49.1,89,45.9,44.82,49.1,46.0,70.5,50.7,2023-01-01T01:41:00.000Z,4ff9378d7a1fcdb79df4ff0cc205611c,1672531200000.0,4ff9378d7a1fcdb79df4ff0cc205611c/daily/1672531200000.json,,,,,,,,
2022-12-31 21:00:00,1672549200000,71.4,48,29.303,29.303,45.7,97.0,111.0,185.0,1.1,1.1,2.2,30.6,0.0,1.7,0.63,2.85,4.42,4.42,0.0,0.0,48.9,89,45.7,44.9,48.9,45.8,70.5,50.7,2023-01-01T01:41:00.000Z,4ff9378d7a1fcdb79df4ff0cc205611c,1672531200000.0,4ff9378d7a1fcdb79df4ff0cc205611c/daily/1672531200000.json,,,,,,,,
2022-12-31 21:05:00,1672549500000,71.4,48,29.297,29.297,46.2,96.0,155.0,180.0,0.0,1.1,2.0,30.6,0.0,1.7,0.63,2.85,4.42,4.42,0.0,0.0,48.7,89,46.2,45.12,48.7,45.6,70.5,50.7,2023-01-01T01:41:00.000Z,4ff9378d7a1fcdb79df4ff0cc205611c,1672531200000.0,4ff9378d7a1fcdb79df4ff0cc205611c/daily/1672531200000.json,,,,,,,,
2022-12-31 21:10:00,1672549800000,71.4,48,29.3,29.3,46.2,97.0,160.0,177.0,0.0,1.1,2.7,30.6,0.0,1.7,0.63,2.85,4.42,4.42,0.0,0.0,48.6,90,46.2,45.4,48.6,45.8,70.5,50.7,2023-01-01T01:41:00.000Z,4ff9378d7a1fcdb79df4ff0cc205611c,1672531200000.0,4ff9378d7a1fcdb79df4ff0cc205611c/daily/1672531200000.json,,,,,,,,
2022-12-31 21:15:00,1672550100000,71.4,48,29.3,29.3,46.8,94.0,40.0,156.0,2.7,1.1,3.6,30.6,0.0,1.7,0.63,2.85,4.42,4.42,0.0,0.0,48.6,90,46.8,45.17,48.6,45.8,70.5,50.7,2023-01-01T01:41:00.000Z,4ff9378d7a1fcdb79df4ff0cc205611c,1672531200000.0,4ff9378d7a1fcdb79df4ff0cc205611c/daily/1672531200000.json,,,,,,,,
2022-12-31 21:20:00,1672550400000,71.4,48,29.297,29.297,45.7,96.0,30.0,30.0,1.1,1.6,2.7,30.6,0.0,1.7,0.63,2.85,4.42,4.42,0.0,0.0,48.4,89,45.7,44.63,48.4,45.3,70.5,50.7,2023-01-01T01:41:00.000Z,4ff9378d7a1fcdb79df4ff0cc205611c,1672531200000.0,4ff9378d7a1fcdb79df4ff0cc205611c/daily/1672531200000.json,,,,,,,,
2022-12-31 21:25:00,1672550700000,71.4,48,29.3,29.3,45.3,97.0,286.0,72.0,2.7,1.3,3.4,30.6,0.0,1.7,0.63,2.85,4.42,4.42,0.0,0.0,48.4,89,45.3,44.5,48.4,45.3,70.5,50.7,2023-01-01T01:41:00.000Z,4ff9378d7a1fcdb79df4ff0cc205611c,1672531200000.0,4ff9378d7a1fcdb79df4ff0cc205611c/daily/1672531200000.json,,,,,,,,
2022-12-31 21:30:00,1672551000000,71.4,48,29.303,29.303,44.6,97.0,274.0,281.0,3.4,2.0,3.8,30.6,0.0,1.7,0.63,2.85,4.42,4.42,0.0,0.0,48.2,89,43.17,43.8,48.2,45.1,70.5,50.7,2023-01-01T01:41:00.000Z,4ff9378d7a1fcdb79df4ff0cc205611c,1672531200000.0,4ff9378d7a1fcdb79df4ff0cc205611c/daily/1672531200000.json,,,,,,,,
2022-12-31 21:35:00,1672551300000,71.2,48,29.303,29.303,44.2,98.0,199.0,278.0,1.1,2.0,4.7,30.6,0.0,1.7,0.63,2.85,4.42,4.42,0.0,0.0,48.0,89,44.2,43.67,48.0,44.9,70.3,50.5,2023-01-01T01:41:00.000Z,4ff9378d7a1fcdb79df4ff0cc205611c,1672531200000.0,4ff9378d7a1fcdb79df4ff0cc205611c/daily/1672531200000.json,,,,,,,,
2022-12-31 21:40:00,1672551600000,71.2,48,29.309,29.309,44.8,98.0,218.0,282.0,1.8,1.6,3.1,30.6,0.0,1.7,0.63,2.85,4.42,4.42,0.0,0.0,47.7,89,44.8,44.27,47.7,44.6,70.3,50.5,2023-01-01T01:41:00.000Z,4ff9378d7a1fcdb79df4ff0cc205611c,1672531200000.0,4ff9378d7a1fcdb79df4ff0cc205611c/daily/1672531200000.json,,,,,,,,
2022-12-31 21:45:00,1672551900000,71.2,48,29.306,29.306,45.0,97.0,315.0,174.0,0.0,1.1,1.6,30.6,0.0,1.7,0.63,2.85,4.42,4.42,0.0,0.0,47.7,90,45.0,44.2,47.7,44.9,70.3,50.5,2023-01-01T01:41:00.000Z,4ff9378d7a1fcdb79df4ff0cc205611c,1672531200000.0,4ff9378d7a1fcdb79df4ff0cc205611c/daily/1672531200000.json,,,,,,,,
2022-12-31 21:50:00,1672552200000,71.2,48,29.306,29.306,44.8,96.0,314.0,269.0,1.3,1.1,3.8,30.6,0.0,1.7,0.63,2.85,4.42,4.42,0.0,0.0,47.7,90,44.8,43.73,47.7,44.9,70.3,50.5,2023-01-01T01:41:00.000Z,4ff9378d7a1fcdb79df4ff0cc205611c,1672531200000.0,4ff9378d7a1fcdb79df4ff0cc205611c/daily/1672531200000.json,,,,,,,,
2022-12-31 21:55:00,1672552500000,71.1,48,29.312,29.312,45.1,96.0,285.0,191.0,2.0,1.3,3.8,30.6,0.0,1.7,0.63,2.85,4.42,4.42,0.0,0.0,47.3,90,45.1,44.03,47.3,44.5,70.2,50.4,2023-01-01T01:41:00.000Z,4ff9378d7a1fcdb79df4ff0cc205611c,1672531200000.0,4ff9378d7a1fcdb79df4ff0cc205611c/daily/1672531200000.json,,,,,,,,
2022-12-31 22:00:00,1672552800000,71.1,48,29.303,29.303,44.8,96.0,163.0,272.0,1.3,1.8,5.4,30.6,0.0,1.7,0.63,2.85,4.42,4.42,0.0,0.0,47.3,90,44.8,43.73,47.3,44.5,70.2,50.4,2023-01-01T01:41:00.000Z,4ff9378d7a1fcdb79df4ff0cc205611c,1672531200000.0,4ff9378d7a1fcdb79df4ff0cc205611c/daily/1672531200000.json,,,,,,,,
2022-12-31 22:05:00,1672553100000,71.1,48,29.309,29.309,45.0,97.0,213.0,206.0,3.6,2.2,4.9,30.6,0.0,1.7,0.63,2.85,4.42,4.42,0.0,0.0,46.9,91,43.44,44.2,46.9,44.4,70.2,50.4,2023-01-01T01:41:00.000Z,4ff9378d7a1fcdb79df4ff0cc205611c,1672531200000.0,4ff9378d7a1fcdb79df4ff0cc205611c/daily/1672531200000.json,,,,,,,,
2022-12-31 22:10:00,1672553400000,71.1,48,29.312,29.312,43.9,97.0,143.0,206.0,0.0,2.0,4.3,30.6,0.0,1.7,0.63,2.85,4.42,4.42,0.0,0.0,46.8,91,43.9,43.1,46.8,44.3,70.2,50.4,2023-01-01T01:41:00.000Z,4ff9378d7a1fcdb79df4ff0cc205611c,1672531200000.0,4ff9378d7a1fcdb79df4ff0cc205611c/daily/1672531200000.json,,,,,,,,
2022-12-31 22:15:00,1672553700000,70.9,48,29.312,29.312,44.6,97.0,266.0,124.0,2.7,1.6,4.9,30.6,0.0,1.7,0.63,2.85,4.42,4.42,0.0,0.0,46.8,91,44.6,43.8,46.8,44.3,69.9,50.2,2023-01-01T01:41:00.000Z,4ff9378d7a1fcdb79df4ff0cc205611c,1672531200000.0,4ff9378d7a1fcdb79df4ff0cc205611c/daily/1672531200000.json,,,,,,,,
2022-12-31 22:20:00,1672554000000,70.9,48,29.315,29.315,44.1,95.0,259.0,252.0,3.6,1.6,4.5,30.6,0.0,1.7,0.63,2.85,4.42,4.42,0.0,0.0,46.8,90,42.41,42.76,46.8,44.0,69.9,50.2,2023-01-01T01:41:00.000Z,4ff9378d7a1fcdb79df4ff0cc205611c,1672531200000.0,4ff9378d7a1fcdb79df4ff0cc205611c/daily/1672531200000.json,,,,,,,,
2022-12-31 22:25:00,1672554300000,70.9,48,29.315,29.315,44.4,95.0,282.0,266.0,4.0,2.0,4.5,30.6,0.0,1.7,0.63,2.85,4.42,4.42,0.0,0.0,46.6,90,42.4,43.06,46.6,43.8,69.9,50.2,2023-01-01T01:41:00.000Z,4ff9378d7a1fcdb79df4ff0cc205611c,1672531200000.0,4ff9378d7a1fcdb79df4ff0cc205611c/daily/1672531200000.json,,,,,,,,
2022-12-31 22:30:00,1672554600000,70.9,48,29.318,29.318,44.8,94.0,136.0,136.0,2.5,2.5,4.0,30.6,0.0,1.7,0.63,2.85,4.42,4.42,0.0,0.0,46.8,90,44.8,43.18,46.8,44.0,69.9,50.2,2023-01-01T01:41:00.000Z,4ff9378d7a1fcdb79df4ff0cc205611c,1672531200000.0,4ff9378d7a1fcdb79df4ff0cc205611c/daily/1672531200000.json,,,,,,,,
2022-12-31 22:35:00,1672554900000,70.7,48,29.327,29.327,44.6,94.0,249.0,200.0,2.9,2.0,3.8,30.6,0.0,1.7,0.63,2.85,4.42,4.42,0.0,0.0,46.4,90,44.6,42.98,46.4,43.6,69.7,50.0,2023-01-01T01:41:00.000Z,4ff9378d7a1fcdb79df4ff0cc205611c,1672531200000.0,4ff9378d7a1fcdb79df4ff0cc205611c/daily/1672531200000.json,,,,,,,,
2022-12-31 22:40:00,1672555200000,70.7,48,29.327,29.327,44.2,93.0,209.0,116.0,3.1,1.8,4.0,30.6,0.0,1.7,0.63,2.85,4.42,4.42,0.0,0.0,46.4,89,43.01,42.31,46.4,43.3,69.7,50.0,2023-01-01T01:41:00.000Z,4ff9378d7a1fcdb79df4ff0cc205611c,1672531200000.0,4ff9378d7a1fcdb79df4ff0cc205611c/daily/1672531200000.json,,,,,,,,
2022-12-31 22:45:00,1672555500000,70.5,48,29.318,29.318,46.8,85.0,194.0,167.0,3.8,2.0,4.5,30.6,0.0,1.7,0.63,2.85,4.42,4.42,0.0,0.0,47.1,86,45.33,42.53,47.1,43.1,69.5,49.9,2023-01-01T01:41:00.000Z,4ff9378d7a1fcdb79df4ff0cc205611c,1672531200000.0,4ff9378d7a1fcdb79df4ff0cc205611c/daily/1672531200000.json,,,,,,,,
2022-12-31 22:50:00,1672555800000,70.5,48,29.333,29.333,52.7,67.0,109.0,78.0,6.0,4.3,11.2,30.6,0.0,1.7,0.63,2.85,4.42,4.42,0.0,0.0,47.8,79,52.7,42.05,47.8,41.6,69.5,49.9,2023-01-01T01:41:00.000Z,4ff9378d7a1fcdb79df4ff0cc205611c,1672531200000.0,4ff9378d7a1fcdb79df4ff0cc205611c/daily/1672531200000.json,,,,,,,,
2022-12-31 22:55:00,1672556100000,70.5,48,29.327,29.327,48.2,76.0,109.0,109.0,2.0,3.1,5.4,30.6,0.0,1.7,0.63,2.85,4.42,4.42,0.0,0.0,48.7,79,48.2,41.0,48.7,42.5,69.5,49.9,2023-01-01T01:41:00.000Z,4ff9378d7a1fcdb79df4ff0cc205611c,1672531200000.0,4ff9378d7a1fcdb79df4ff0cc205611c/daily/1672531200000.json,,,,,,,,
2022-12-31 23:00:00,1672556400000,70.3,48,29.327,29.327,49.3,79.0,280.0,272.0,3.6,2.0,4.5,30.6,0.0,1.7,0.63,2.85,4.42,4.42,0.0,0.0,48.9,79,48.37,43.07,48.9,42.7,69.3,49.7,2023-01-01T01:41:00.000Z,4ff9378d7a1fcdb79df4ff0cc205611c,1672531200000.0,4ff9378d7a1fcdb79df4ff0cc205611c/daily/1672531200000.json,,,,,,,,
2022-12-31 23:05:00,1672556700000,70.3,48,29.33,29.33,50.5,73.0,238.0,220.0,2.7,2.2,5.8,30.6,0.0,1.7,0.63,2.85,4.42,4.42,0.0,0.0,49.1,78,50.5,42.17,49.1,42.5,69.3,49.7,2023-01-01T01:41:00.000Z,4ff9378d7a1fcdb79df4ff0cc205611c,1672531200000.0,4ff9378d7a1fcdb79df4ff0cc205611c/daily/1672531200000.json,,,,,,,,
2022-12-31 23:10:00,1672557000000,70.3,48,29.33,29.33,48.7,78.0,135.0,214.0,1.3,2.2,4.7,30.6,0.0,1.7,0.63,2.85,4.42,4.42,0.0,0.0,49.3,79,48.7,42.15,49.3,43.1,69.3,49.7,2023-01-01T01:41:00.000Z,4ff9378d7a1fcdb79df4ff0cc205611c,1672531200000.0,4ff9378d7a1fcdb79df4ff0cc205611c/daily/1672531200000.json,,,,,,,,
2022-12-31 23:15:00,1672557300000,70.2,48,29.327,29.327,48.4,78.0,246.0,274.0,0.0,1.8,3.8,30.6,0.0,1.7,0.63,2.85,4.42,4.42,0.0,0.0,49.1,80,48.4,41.86,49.1,43.2,69.2,49.6,2023-01-01T01:41:00.000Z,4ff9378d7a1fcdb79df4ff0cc205611c,1672531200000.0,4ff9378d7a1fcdb79df4ff0cc205611c/daily/1672531200000.json,,,,,,,,
2022-12-31 23:20:00,1672557600000,70.2,48,29.33,29.33,48.9,78.0,227.0,265.0,1.1,2.0,4.0,30.6,0.0,1.7,0.63,2.85,4.42,4.42,0.0,0.0,49.1,78,48.9,42.35,49.1,42.5,69.2,49.6,2023-01-01T01:41:00.000Z,4ff9378d7a1fcdb79df4ff0cc205611c,1672531200000.0,4ff9378d7a1fcdb79df4ff0cc205611c/daily/1672531200000.json,,,,,,,,
2022-12-31 23:25:00,1672557900000,70.2,48,29.327,29.327,48.9,70.0,216.0,211.0,3.8,3.1,6.7,30.6,0.0,1.7,0.63,2.85,4.42,4.42,0.0,0.0,49.3,76,47.75,39.55,49.3,42.1,69.2,49.6,2023-01-01T01:41:00.000Z,4ff9378d7a1fcdb79df4ff0cc205611c,1672531200000.0,4ff9378d7a1fcdb79df4ff0cc205611c/daily/1672531200000.json,,,,,,,,
2022-12-31 23:30:00,1672558200000,70.0,48,29.336,29.336,52.7,64.0,276.0,157.0,2.9,3.4,6.0,30.6,0.0,1.7,0.63,2.85,4.42,4.42,0.0,0.0,50.2,69,52.7,40.87,50.2,40.4,69.0,49.4,2023-01-01T01:41:00.000Z,4ff9378d7a1fcdb79df4ff0cc205611c,1672531200000.0,4ff9378d7a1fcdb79df4ff0cc205611c/daily/1672531200000.json,,,,,,,,
2022-12-31 23:35:00,1672558500000,70.0,48,29.336,29.336,53.2,60.0,150.0,164.0,4.7,2.9,5.1,30.6,0.0,1.7,0.63,2.85,4.42,4.42,0.0,0.0,50.9,68,53.2,39.68,50.9,40.7,69.0,49.4,2023-01-01T01:41:00.000Z,4ff9378d7a1fcdb79df4ff0cc205611c,1672531200000.0,4ff9378d7a1fcdb79df4ff0cc205611c/daily/1672531200000.json,,,,,,,,
2022-12-31 23:40:00,1672558800000,70.0,48,29.336,29.336,52.9,61.0,146.0,145.0,1.3,2.5,4.3,30.6,0.0,1.7,0.63,2.85,4.42,4.42,0.0,0.0,51.1,68,52.9,39.82,51.1,40.9,69.0,49.4,2023-01-01T01:41:00.000Z,4ff9378d7a1fcdb79df4ff0cc205611c,1672531200000.0,4ff9378d7a1fcdb79df4ff0cc205611c/daily/1672531200000.json,,,,,,,,
2022-12-31 23:45:00,1672559100000,70.0,48,29.342,29.342,52.0,58.0,257.0,137.0,1.1,2.2,5.1,30.6,0.0,1.7,0.63,2.85,4.42,4.42,0.0,0.0,51.1,66,52.0,37.69,51.1,40.1,69.0,49.4,2023-01-01T01:41:00.000Z,4ff9378d7a1fcdb79df4ff0cc205611c,1672531200000.0,4ff9378d7a1fcdb79df4ff0cc205611c/daily/1672531200000.json,,,,,,,,
2022-12-31 23:50:00,1672559400000,69.8,48,29.342,29.342,52.5,59.0,132.0,137.0,2.5,2.7,6.5,30.6,0.0,1.7,0.63,2.85,4.42,4.42,0.0,0.0,51.1,64,52.5,38.59,51.1,39.4,68.7,49.2,2023-01-01T01:41:00.000Z,4ff9378d7a1fcdb79df4ff0cc205611c,1672531200000.0,4ff9378d7a1fcdb79df4ff0cc205611c/daily/1672531200000.json,,,,,,,,
2022-12-31 23:55:00,1672559700000,69.8,49,29.345,29.345,51.8,60.0,137.0,147.0,1.3,2.9,6.3,30.6,0.0,1.7,0.63,2.85,4.42,4.42,0.0,0.0,51.3,61,51.8,38.36,51.3,38.3,68.8,49.8,2023-01-01T01:41:00.000Z,4ff9378d7a1fcdb79df4ff0cc205611c,1672531200000.0,4ff9378d7a1fcdb79df4ff0cc205611c/daily/1672531200000.json,,,,,,,,
